,model,extension,location,working_hours,price,const_year
0,308,D,FI,8973,44900,2011
1,308,E2,PL,4183,49040,2016
2,308,E2,PL,4655,57943,2017
3,308,E2,GB,3175,45335,2015
4,308,E2,GB,2500,51222,2018
5,308,D,IT,6000,38000,2010
6,308,E2,FR,3018,59500,2017
7,308,D,FI,8055,42900,2011
8,308,E2,DE,3071,41176,2017
9,308,E,PL,6270,156000,2012
10,308,C,DE,5541,39900,2008
11,308,E,DE,7099,46500,2012
12,308,E2,DE,3400,50000,2014
13,308,E,DE,4209,47000,2014
14,308,E2,GB,2000,64554,2019
15,308,E,GB,4500,38132,2014
16,308,D,FR,6390,30000,2010
17,308,E2,FR,2956,60000,2017
18,308,E2,SE,4223,65460,2016
19,308,E2,FI,4257,69900,2017
20,308,E2,SE,6800,54654,2014
21,308,E2,DE,2568,61890,2016
22,308,E2,GB,3900,45300,2017
23,308,E2,GB,3275,44704,2015
24,308,E2,CH,2023,70743,2018
25,308,E,AT,12300,36000,2012
26,308,E2,SE,1680,77353,2017
27,308,E,ES,2600,80000,2018
28,308,E2,SE,4500,63164,2015
29,308,E,FR,1800,80000,2020
30,308,D,AT,3245,55500,2012
31,308,E,DE,5900,39500,2012
32,308,E,DE,2155,77900,2018
33,308,E2,GB,1972,82694,2019
34,308,E,BE,2885,41000,2013
35,308,E,NL,750,91000,2020
36,308,E2,GB,736,64783,2018
37,308,E2,IT,2653,63000,2018
38,308,C,FI,7998,38500,2005
39,308,E2,IE,4080,72526,2016
40,308,E2,AT,12375,47500,2014
41,308,D,DE,3400,50500,2011
42,308,E,GB,1933,90822,2017
43,308,E,NL,7748,39900,2012
44,308,E2,RO,5200,51000,2014
45,308,E2,NL,9333,42950,2013
46,308,E2,FI,3704,56000,2013
47,308,E2,GB,5300,36946,2014
48,308,E2,NL,314,97500,2019
49,308,E2,GB,5162,35242,2013
50,308,D,FI,7729,44500,2011
51,308,D,FI,4750,49900,2010
52,308,D,PL,5100,36000,2010
53,308,E2,GE,1490,84843,2017
54,308,E,FR,6550,41900,2012
55,308,D,NL,5200,34500,2011
56,308,C,BE,5041,28950,2004
57,308,D,PL,6300,36060,2012
58,308,D,DE,5369,43500,2011
59,308,D,IT,5600,44000,2010
60,308,E2,FR,570,64000,2016
61,308,D,SE,9075,57143,2012
62,308,E2,PL,5135,50598,2015
63,308,E2,FI,2662,69000,2018
64,308,E,SE,7480,52523,2012
65,308,E,SE,4100,62679,2017
66,308,C,FR,6560,25900,2006
67,308,E2,DE,447,84200,2019
68,308,E2,NO,4377,61495,2014
69,308,D,NL,7501,33800,2011
70,308,E,ES,4484,48000,2013
71,308,E2,GE,1486,85206,2017
72,308,E,FR,6500,38900,2012
73,308,D,DE,13708,24900,2011
74,308,E2,NL,4700,41900,2015
75,308,E2,IT,2222,59900,2017
76,308,D,PL,5600,32500,2011
77,308,E2,SK,4579,56000,2017
78,308,D,EE,9804,45000,2011
79,308,E,DE,1735,67000,2017
80,308,E2,BE,5000,40000,2015
81,308,D,DE,1095,69900,2019
82,308,E,DE,2940,49900,2015
83,308,D,LT,4700,31500,2011
84,308,D,DE,6192,33900,2012
85,308,E2,FR,6200,32800,2012
86,308,E2,BE,315,99000,2019
87,308,E2,NL,1600,58500,2019
88,308,E,PL,750,70200,2020
89,308,E2,FR,2594,76000,2017
90,308,E,FI,7454,42500,2012
91,308,E,SE,3200,53095,2013
92,308,C,AT,2700,42500,2007
93,308,C,BE,4885,26000,2008
94,308,E2,FR,3755,50000,2016
95,308,E2,NL,4700,41900,2014
96,308,D,IT,5138,32000,2009
97,308,E2,DE,4750,44000,2015
98,308,D,ES,3700,35750,2012
99,308,D,ES,7989,27250,2010
100,308,E2,FI,3015,55800,2016
101,308,E,SE,8060,46361,2013
102,308,E2,PL,4090,53936,2017
103,308,E2,FR,4277,50000,2017
104,308,E2,PL,478,50930,2017
105,308,E2,FR,2522,70000,2017
106,308,D,NL,5143,33500,2009
107,308,E2,NL,2456,56900,2016
108,308,E2,BE,4068,53500,2015
109,308,E2,IT,2936,44000,2013
110,308,C,DE,2149,64700,2019
111,308,E,DE,2997,53900,2016
112,308,NG,FI,2838,75000,2019
113,308,D,BE,6673,24950,2010
114,308,E2,FI,4907,58000,2015
115,308,E2,NO,2900,55954,2014
116,308,E2,DE,3441,35500,2014
117,308,E2,NL,1115,67800,2018
118,308,E2,CZ,1170,63694,2018
119,308,E2,PL,3213,56000,2017
120,308,E2,FR,4611,53000,2017
121,308,E2,FR,4090,52000,2015
122,308,D,CZ,7966,29722,2008
123,308,E2,NL,1706,59000,2017
124,308,E2,BE,3050,45000,2015
125,308,D,DE,10300,29900,2010
126,308,E2,DE,2000,57000,2017
127,308,E2,DE,2365,49950,2016
128,308,E2,NO,5025,57503,2014
129,308,E2,EE,1689,54750,2016
130,308,E,BE,1746,62500,2015
131,308,D,BE,12829,27000,2011
132,308,E,NL,4637,43500,2012
133,308,C,DE,569,94890,2019
134,308,E2,LT,3417,43000,2016
135,308,E2,IT,2017,59000,2017
136,308,E2,IT,626,72000,2018
137,308,E,SE,5700,39994,2012
138,308,E,NL,4071,41900,2012
139,308,E2,UA,2580,83000,2016
140,308,E2,BE,3033,48750,2017
141,308,E,PL,5145,47448,2015
142,308,E2,DE,2800,51900,2015
143,308,E2,PL,1411,56282,2018
144,308,D,IT,5700,32000,2009
145,308,C,SE,5250,38591,2006
146,308,E2,PL,3653,54109,2017
147,308,E2,IT,4090,51000,2015
148,308,E2,AT,7617,41500,2014
149,308,E2,CH,2565,55229,2016
150,308,E,FR,1850,59500,2017
151,308,D,DE,10000,24900,2011
152,308,E2,FR,2039,40900,2017
153,308,E2,SE,1311,82263,2018
154,308,E2,IT,2780,61000,2017
155,308,E,GB,3000,51320,2016
156,308,E2,SK,2399,60000,2016
157,308,D,DE,8300,28900,2010
158,308,E2,CH,2660,56750,2016
159,308,E2,AT,4250,53900,2016
160,308,E2,LT,1479,67750,2018
161,308,E2,RO,4400,44900,2014
162,308,E2,FI,687,74000,2019
163,308,E2,IT,2716,62000,2017
164,308,E2,SI,1800,78500,2019
165,308,E2,PL,3960,46316,2016
166,308,E2,FI,2400,79900,2018
167,308,E2,BE,2433,46500,2014
168,308,D,BE,4865,38500,2010
169,308,E2,FR,2176,69000,2018
170,308,E2,FR,2537,66000,2018
171,308,E2,IT,2802,57000,2016
172,308,E2,PL,3079,43550,2014
173,308,E2,IT,6127,37000,2014
174,308,E2,PL,4114,44603,2015
175,308,D,SE,8600,46826,2012
176,308,E2,PL,2851,50219,2016
177,308,E,NL,10625,34500,2013
178,308,C,UA,4900,28500,2007
179,308,E2,DE,785,74500,2017
180,308,D,GE,1625,54663,2009
181,308,D,NO,9035,48067,2010
182,308,E2,FR,3540,61000,2016
183,308,D,PL,7000,33180,2010
184,308,E2,LV,4724,49000,2016
185,308,E,DE,4000,42000,2012
186,308,D,FI,7698,43000,2011
187,308,D,FI,8110,52900,2011
188,308,E2,FR,3250,51900,2015
189,308,E2,IT,1646,59000,2017
190,308,E2,FI,4134,59900,2014
191,308,E,SE,7700,46664,2013
192,308,E2,FI,5338,58500,2017
193,308,E2,BE,1450,52450,2017
194,308,E2,PL,1403,56000,2018
195,308,E,LT,5664,39900,2013
196,308,E2,DE,3500,49900,2017
197,308,E2,PL,1600,53150,2017
198,308,E2,LT,1427,69000,2019
199,308,E,UA,7681,50900,2013
200,308,E,FR,4430,41500,2012
201,308,D,FR,4484,38000,2012
202,308,E2,NL,2580,52500,2016
203,308,E2,PL,310,66000,2018
204,308,E2,PL,1737,63119,2018
205,308,E2,BE,2210,67000,2018
206,308,E2,FR,2281,65000,2016
207,308,E,DE,2525,59000,2016
208,308,E,ES,4393,42500,2012
209,308,E2,FR,1287,68000,2017
210,308,D,ES,5336,44500,2011
211,308,E2,FR,1829,72000,2018
212,308,E2,DE,7,74500,2020
213,308,E2,DE,7,74500,2018
214,308,E2,PL,29,54210,2018
215,320,E,NO,8906,78954,2012
216,320,D2,NL,6070,99000,2018
217,320,NG,DE,550,87000,2019
218,320,D,NL,9644,42500,2007
219,320,D,NL,7486,63900,2010
220,320,E,DE,6971,71500,2013
221,320,D,NL,12609,58900,2010
222,320,D,NO,6000,70874,2011
223,320,F,NL,5703,100000,2017
224,320,E,SE,10625,86064,2012
225,320,D,TR,10535,74250,2013
226,320,NG,NL,2700,97500,2020
227,320,NG,NL,2542,97500,2019
228,320,D,PL,12000,21500,2008
229,320,E,LV,8600,83500,2015
230,320,D,NL,7740,61900,2010
231,320,C,IT,6000,48000,2005
232,320,E,PL,4980,88000,2014
233,320,E,DE,9508,68500,2013
234,320,E,DE,7134,68900,2012
235,320,NG,AT,1302,125900,2019
236,320,E,DE,10000,64900,2012
237,320,D,BG,8111,58900,2010
238,320,E,DE,9150,69500,2012
239,320,E,NO,7735,98770,2015
240,320,C,NL,13073,41000,2006
241,320,NG,BY,3100,115000,2020
242,320,E,NO,8750,86780,2014
243,320,D,GB,9700,49453,2007
244,320,C,PL,18855,37284,2003
245,320,D,ES,13600,56000,2010
246,320,NG,DE,249,180500,2020
247,320,D3,BE,715,89000,2020
248,320,D,GB,11695,51192,2011
249,320,C,NL,9344,48500,2005
250,320,D,GB,12000,45765,2007
251,320,D,FR,8258,52000,2011
252,320,E,BE,6875,79500,2015
253,320,NG,DE,1737,165000,2020
254,320,E,IE,9300,66500,2013
255,320,NG,AT,4355,121500,2018
256,320,E,NO,7600,99430,2015
257,320,E,PL,9377,112100,2015
258,320,D,NL,16339,37500,2008
259,320,D,NL,12982,47500,2008
260,320,C,NL,14623,47900,2002
261,320,D2,BE,5942,68880,2017
262,320,E,FI,9590,89500,2013
263,320,D,NL,13725,49800,2009
264,320,E,NO,8800,83580,2014
265,320,C,PL,12036,47044,2005
266,320,E,ES,6949,104500,2016
267,320,F,FR,7696,95000,2016
268,320,D,FR,8250,55000,2011
269,320,E,PL,12372,65000,2012
270,320,D,BY,8600,46900,2010
271,320,E,NO,7700,99770,2015
272,320,E,DE,9040,67500,2013
273,320,D,NO,9200,47326,2011
274,320,E,SE,11807,68563,2013
275,320,B,IE,13057,29950,2005
276,320,E,BE,10748,59000,2014
277,320,E,PL,7800,77500,2014
278,320,D,FR,16737,42900,2010
279,320,E,NL,9701,10000,2013
280,320,E,DE,8558,102221,2013
281,320,E,FR,10687,65000,2012
282,320,E,LT,11000,70000,2015
283,320,D,NL,11075,51900,2008
284,320,NG,BE,321,175000,2020
285,320,NG,NL,469,185914,2019
286,320,NG,DE,3374,159000,2019
287,320,E,FI,7800,105000,2014
288,320,E,PL,7720,74500,2015
289,320,E,FI,9674,98000,2015
290,320,D,FI,7814,46000,2008
291,320,E,DE,6900,69500,2012
292,320,E,EE,9996,62500,2012
293,320,E,GB,8300,71080,2015
294,320,B,IE,13213,30000,2004
295,320,NG,DE,5027,120000,2018
296,320,D,NL,17897,47800,2007
297,320,E,NL,12081,69800,2013
298,320,F,PT,8776,69000,2012
299,320,NG,DE,3885,168948,2018
300,320,E,NL,8458,69000,2012
301,320,NG,FR,1515,155000,2018
302,320,E,NL,8169,67800,2014
303,320,E,DE,6500,118000,2016
304,320,E,DE,10611,66000,2012
305,320,D2,UA,1608,117000,2018
306,320,D,UA,1750,115000,2018
307,320,NG,DE,246,134500,2020
308,320,E,NL,11760,66900,2013
309,320,E,PL,9500,61858,2014
310,320,NG,TR,2710,95000,2020
311,320,E,FI,9300,82000,2015
312,320,C,FI,12725,49900,2003
313,320,E,FR,4335,120000,2015
314,320,D,TR,8470,72000,2014
315,320,F,FR,7200,103000,2017
316,320,NG,PL,3215,136000,2020
317,320,NG,PL,2801,128000,2019
318,320,C,NL,9322,39500,2004
319,320,C,NL,9000,39500,2002
320,320,F,PL,3744,156000,2016
321,320,E,NO,8500,64611,2014
322,320,E,NO,9950,71911,2013
323,320,E,DE,10600,60900,2013
324,320,F,SE,7337,116581,2016
325,320,D3,BE,895,89000,2019
326,320,D,NL,18706,49800,2011
327,320,D,PL,11147,41430,2010
328,320,D3,NL,1403,81800,2018
329,320,D3,NL,1701,86800,2020
330,320,D,NL,1364,85800,2018
331,320,E,NL,10275,62900,2012
332,320,F,FI,3330,124900,2017
333,320,E,EE,12076,67900,2013
334,320,NG,FR,1181,150000,2019
335,320,E,FR,8443,70000,2015
336,320,D,EE,22000,8000,2007
337,320,E,PL,10458,70280,2013
338,320,F,FI,5905,125000,2016
339,320,E,PL,6876,83499,2015
340,320,E,PL,10649,79214,2014
341,320,F,PL,3531,144000,2017
342,320,E,NL,11135,65900,2012
343,320,C,NL,12700,47750,2005
344,320,E,EE,7461,73000,2013
345,320,NG,DE,398,159000,2021
346,320,E,BE,8811,69000,2014
347,320,F,UK,4771,71846,2017
348,320,F,NL,5805,84900,2017
349,320,E,EE,8657,73000,2012
350,320,E,DE,5200,93000,2013
351,320,D,DE,10128,54700,2009
352,320,F,FI,6390,119000,2017
353,320,D,NL,15878,56000,2007
354,320,D,NL,11322,51900,2009
355,320,C,NL,15191,44900,2006
356,320,E,NO,7408,79381,2015
357,320,B,DE,15049,34000,2004
358,320,E,BE,9190,7500,2013
359,320,E,BE,9698,7500,2013
360,320,D,IE,13000,55000,2012
361,320,NG,LV,3100,135000,2019
362,320,NG,LV,5400,95000,2018
363,320,D,NL,13717,51500,2007
364,320,C,NL,9000,44500,2005
365,320,E,NO,6500,84404,2014
366,320,D,EE,10430,43900,2006
367,320,E,DE,6463,79000,2012
368,320,NG,BE,1925,137000,2018
369,320,E,SK,6811,97000,2016
370,320,NG,NL,3862,119500,2019
371,320,E,NL,6779,72500,2014
372,320,D,DE,13300,47000,2008
373,320,E,NL,7482,147500,2012
374,320,E,BE,9100,58000,2013
375,320,E,BE,9600,58000,2013
376,320,E,SE,10645,67683,2014
377,320,D,RO,11000,58000,2012
378,320,E,PL,11260,73272,2012
379,320,E,NO,7100,102372,2015
380,320,D,PL,7567,59000,2011
381,320,F,FR,2930,140000,2017
382,320,E,FR,11600,56500,2013
383,320,E,NL,10074,66800,2015
384,320,C,NL,9799,45000,2005
385,320,D,NL,8674,64950,2009
386,320,D,NL,10545,54900,2007
387,320,E,NL,8986,68900,2013
388,320,E,DE,6692,62000,2015
389,320,F,BE,3067,115000,2017
390,320,E,LV,10779,71000,2013
391,320,E,NL,12154,59900,2013
392,320,C,NL,9416,43500,2003
393,320,C,HU,16000,43411,2004
394,320,D,BE,10646,44000,2011
395,320,D,NL,10226,52900,2008
396,320,E,FI,6650,97000,2015
397,320,E,LV,8673,71000,2014
398,320,E,PL,5258,115000,2016
399,320,NG,DE,1565,179000,2020
400,320,E,PL,5950,99940,2014
401,320,C,SE,12384,31520,2005
402,320,D2,BE,5184,64000,2016
403,320,D,NL,9300,52750,2010
404,320,D,NL,11000,69000,2012
405,320,D,NL,10789,46800,2008
406,320,C,NL,14900,41900,2002
407,320,E,DE,7200,77000,2014
408,320,C,NL,16105,41950,2003
409,320,D,RU,7153,101912,2017
410,320,D,RU,5423,108861,2017
411,320,E,LV,8550,77000,2015
412,320,F,DE,3559,115000,2016
413,320,E,NL,10688,61800,2013
414,320,E,GB,9381,66658,2015
415,320,E,NO,2000,78299,2015
416,320,E,NL,5061,82900,2016
417,320,E,LT,10579,85000,2014
418,320,E,NO,10330,74725,2013
419,320,E,DE,10618,65000,2014
420,320,E,BE,8137,69000,2015
421,320,D,TR,11500,59000,2012
422,320,C,GB,13495,51783,2006
423,320,E,PT,8500,85000,2015
424,320,E,NO,7450,78598,2015
425,320,D,NL,2722,82800,2019
426,320,E,DE,7400,79000,2014
427,320,E,CH,4184,112107,2015
428,320,C,DE,16000,43000,2004
429,320,D,TR,11000,52000,2008
430,320,E,GB,11180,70273,2015
431,320,E,FI,7300,109800,2013
432,320,E,LV,10300,52750,2012
433,320,F,FI,5647,110000,2017
434,320,F,HU,2300,120000,2017
435,320,NG,UK,6719,89249,2018
436,320,E,PL,6990,95833,2015
437,320,E,PL,9990,76666,2013
438,320,F,FR,4440,135000,2016
439,320,NG,PL,2664,132000,2018
440,320,NG,PL,2755,122000,2019
441,320,D,GB,11054,53033,2008
442,320,D,TR,13000,52000,2011
443,320,E,PL,14725,137000,2013
444,320,D3,NL,3713,78900,2019
445,320,E,FR,6304,94000,2013
446,320,E,NL,10781,66000,2013
447,320,D,NL,8221,49750,2013
448,320,D,NL,9690,47000,2011
449,320,D,NL,10650,57000,2010
450,320,E,BE,11100,56500,2012
451,320,E,PL,10563,62280,2015
452,320,E,PL,7900,76000,2015
453,320,D,PL,20392,58000,2011
454,320,E,PL,6006,59700,2011
455,320,C,PL,7200,35500,2005
456,320,E,PL,6226,83750,2015
457,320,E,PL,7789,83540,2016
458,320,E,DE,1400,88500,2018
459,320,NG,DE,1940,119500,2018
460,320,F,DE,6821,84000,2017
461,320,E,DE,6386,79900,2014
462,320,E,NL,10078,59800,2014
463,320,NG,DE,1298,149500,2019
464,320,D2,BE,2350,80000,2016
465,320,D2,BE,14914,10000,2013
466,320,NG,NL,954,97800,2018
467,320,NG,NL,2710,89800,2018
468,320,E,NL,6437,79800,2016
469,320,D,NL,12661,45800,2008
470,320,D,FR,10416,13899,2008
471,320,D,NL,9103,45000,2008
472,320,D,TR,9172,73900,2014
473,320,E,UA,6872,84500,2015
474,320,C,NL,13597,34800,2005
475,320,E,DE,7520,69000,2014
476,320,NG,GE,268,170790,2020
477,320,E,HU,6500,79500,2016
478,320,D,PL,20000,41000,2011
479,320,D,FR,8700,84000,2011
480,320,D,RO,9000,42900,2011
481,320,F,DE,5000,19500,2016
482,320,E,DE,8900,62900,2013
483,320,E,PL,4400,110000,2013
484,320,E,PL,2459,84127,2015
485,320,E,HU,10895,82750,2014
486,320,E,FR,5800,90000,2015
487,320,D,PL,5600,75000,2010
488,320,D3,NL,2799,84900,2018
489,320,C,NL,9547,42000,2005
490,320,C,NL,10312,42000,2006
491,320,E,CH,6771,81203,2014
492,320,E,DE,8388,85000,2014
493,320,E,DE,5968,120000,2014
494,320,D,DE,10517,51000,2007
495,320,NG,DE,2000,105000,2017
496,320,F,DE,8091,85000,2016
497,320,NG,DE,3869,149000,2018
498,320,NG,DE,3308,155000,2018
499,320,E,NO,7804,85019,2014
500,320,NG,SE,900,174554,2019
501,320,NG,HU,1346,129900,2019
502,320,D2,NL,8839,66500,2017
503,320,E,UA,5888,110000,2015
504,320,F,PL,2225,135000,2017
505,320,F,FI,3738,126800,2016
506,320,E,SE,3950,107579,2014
507,320,E,BE,6761,65950,2013
508,320,E,NO,9346,73165,2011
509,320,E,PL,8000,69972,2014
510,320,E,SE,4322,120607,2015
511,320,E,FI,10800,89000,2015
512,320,E,SE,8463,76888,2015
513,320,NG,UK,765,105149,2018
514,320,D2,NL,4065,84800,2018
515,320,C,NL,9197,44000,2003
516,320,D,UA,7983,69000,2012
517,320,C,NL,13369,46900,2003
518,320,E,PL,3093,97876,2014
519,320,E,EE,5273,79000,2015
520,320,E,PL,6771,73898,2015
521,320,E,FR,10684,55000,2013
522,320,C,HU,16950,36600,2002
523,320,E,RO,4670,93000,2014
524,320,E,EE,7236,76900,2015
525,320,E,PL,7632,84361,2016
526,320,E,PL,7176,76078,2015
527,320,E,ES,4841,92000,2015
528,320,D2,RU,9470,81329,2016
529,320,D,PT,8000,40700,2007
530,320,NG,PL,2170,133000,2019
531,320,C,NL,14613,41800,2005
532,320,F,SE,2956,154729,2016
533,320,F,PL,4662,86977,2017
534,320,NG,PL,2239,136000,2018
535,320,D,PL,14000,45000,2011
536,320,E,PL,12095,62980,2013
537,320,D,FR,8822,62000,2011
538,320,C,PL,18730,38650,2007
539,320,E,FR,7370,74500,2012
540,320,E,FR,6600,75000,2016
541,320,F,FR,1800,124000,2017
542,320,D2,BE,5423,110000,2017
543,320,E,EE,8521,80000,2012
544,320,E,PL,8287,74000,2015
545,320,E,PL,7549,78000,2016
546,320,E,PL,6512,78000,2014
547,320,F,BE,3150,105000,2017
548,320,E,PL,9685,57240,2012
549,320,E,AT,13488,57000,2013
550,320,E,DE,5300,93000,2015
551,320,C,DE,10911,44500,2004
552,320,D,PL,13551,62000,2012
553,320,E,DE,8122,72900,2015
554,320,D,NL,15801,51900,2011
555,320,E,FR,3588,114000,2013
556,320,F,DE,7780,95000,2015
557,320,F,DE,2262,109900,2017
558,320,E,BE,7893,69500,2015
559,320,NG,DE,1730,110500,2017
560,320,E,AT,5021,76300,2015
561,320,E,PL,5300,79000,2015
562,320,E,NL,9740,69950,2013
563,320,F,BE,2190,119900,2017
564,320,E,BE,5100,87500,2014
565,320,E,PL,4050,119000,2016
566,320,D,PL,9500,44000,2008
567,320,E,FR,6840,80000,2015
568,320,C,NL,9036,55900,2005
569,320,D,NL,13466,51500,2010
570,320,E,DE,8150,69500,2012
571,320,E,DE,9364,67000,2014
572,320,E,DE,5692,79000,2015
573,320,E,DE,4602,89500,2015
574,320,E,NL,2701,115000,2015
575,320,D,NL,12499,42800,2006
576,320,D,NL,13272,45000,2008
577,320,E,LT,10137,65000,2012
578,320,D,RO,10000,59000,2011
579,320,C,NL,8445,59800,2004
580,320,E,NL,9390,71500,2013
581,320,E,LT,6000,60500,2016
582,320,F,NL,4957,86600,2017
583,320,D,RU,7285,67370,2007
584,320,D,RU,6626,84130,2013
585,320,D,RU,7260,75960,2012
586,320,D,RU,7633,69920,2008
587,320,D,RU,8655,72030,2008
588,320,D,RU,4904,92710,2012
589,320,D,RU,5760,58450,2010
590,320,D,RU,11318,59620,2009
591,320,D,RU,11027,62140,2006
592,320,E,BE,6761,69950,2015
593,320,D,RU,8903,53260,2007
594,320,C,RU,10448,52200,2002
595,320,D,NL,14530,42500,2009
596,320,E,LT,5000,72000,2016
597,320,D,NL,12596,42500,2008
598,320,E,NO,9448,93879,2015
599,320,E,NO,6000,96660,2015
600,320,C,NL,9765,35000,2004
601,320,D,LV,13000,50000,2008
602,320,E,FR,8500,85000,2014
603,320,D,NL,9876,45000,2008
604,320,C,NL,9624,42000,2006
605,320,E,FR,6345,85900,2015
606,320,D,NL,15200,45500,2007
607,320,D,NL,18200,42000,2008
608,320,NG,LT,3239,125000,2018
609,320,E,ES,8800,89000,2015
610,320,E,DE,4313,78950,2013
611,320,D,NL,16000,45000,2009
612,320,D3,NL,3577,86800,2019
613,320,E,RO,6400,68000,2012
614,320,D,FI,11500,63900,2011
615,320,F,PL,7107,85000,2017
616,320,D2,NL,2480,91800,2018
617,320,E,AT,10573,64900,2013
618,320,D,NL,10117,55000,2008
619,320,E,NL,10035,69500,2014
620,320,D,DE,6000,89500,2011
621,320,E,DE,2561,138500,2013
622,320,C,DE,10500,31900,2005
623,320,E,NL,7466,67800,2014
624,320,E,DE,5375,98900,2015
625,320,NG,DE,2656,140000,2018
626,320,E,NO,8700,77310,2014
627,320,D,TR,8680,50000,2012
628,320,E,BE,8900,69000,2012
629,320,E,EE,7350,76000,2013
630,320,E,LT,3000,75000,2015
631,320,D,TR,16000,47900,2008
632,320,E,BE,4700,108900,2016
633,320,E,BE,5700,87500,2014
634,320,F,BE,4250,116900,2017
635,320,F,BE,3200,119900,2017
636,320,E,BE,10407,57000,2013
637,320,F,BE,3580,119000,2016
638,320,F,EE,6136,90000,2017
639,320,NG,PL,1534,144000,2019
640,320,NG,PL,1791,141000,2018
641,320,F,FR,2218,145000,2017
642,320,F,FR,3531,137000,2017
643,320,E,PL,3089,99000,2014
644,320,D3,NL,3929,84900,2018
645,320,D2,NL,2322,89900,2018
646,320,D,NL,11254,45000,2009
647,320,E,NL,10048,66900,2015
648,320,E,LT,4500,58500,2015
649,320,D,NL,12257,50800,2012
650,320,D,LV,15161,35000,2007
651,320,C,NL,8256,47500,2005
652,320,D,FI,16000,59500,2007
653,320,E,NL,6786,85000,2015
654,320,D,NL,7983,49500,2012
655,320,E,PL,6600,69240,2014
656,320,E,PL,8500,66930,2012
657,320,C,NL,11212,39800,2003
658,320,E,PL,4218,94510,2016
659,320,E,DE,5615,120000,2014
660,320,E,DE,7460,91300,2014
661,320,NG,NL,36,121800,2021
662,320,D3,NL,5,102500,2022
663,320,D2,NL,6,125000,2016
664,320,D,NL,4,99800,2021
665,320,D3,NL,5,99800,2021
666,320,D3,NL,7,99800,2021
667,320,D3,NL,8,99800,2021
668,320,D3,BE,5,99500,2021
669,320,NG,NL,7,118000,2020
670,320,D2,NL,6,185000,2016
671,320,D3,NL,10,98500,2020
672,320,D3,NL,8,102000,2020
673,320,D3,BE,4,105000,2021
674,320,D3,NL,6,99800,2021
675,320,D3,UA,7,139800,2021
676,320,D3,UA,15,135000,2021
677,320,D3,LU,10,109000,2021
678,320,D,NL,3,94000,2021
679,320,D3,NL,7,94000,2021
680,320,NG,BE,9,119000,2021
681,320,D3,NL,5,95000,2021
682,320,D3,NL,7,95000,2021
683,320,D3,NL,10,109000,2021
684,320,NG,DE,33,165000,2019
685,320,D,UA,5,126000,2021
686,320,D3,NL,7,97500,2021
687,320,D3,RO,5,114900,2021
688,320,D3,NL,7,95000,2020
689,320,D3,NL,6,94000,2020
690,320,D3,UA,13,110000,2021
691,320,D3,NL,7,97500,2020
692,320,D,FR,8,62000,2011
693,320,D3,NL,4,97500,2021
694,320,E,FR,3,114000,2013
695,320,D3,LU,8,102500,2020
696,320,D3,LU,8,112500,2021
697,320,F,PL,7,85000,2017
698,320,E,FR,6,80000,2015
699,320,E,PL,4,119000,2016
700,320,D2,RU,9,80478,2016
701,320,F,FR,2,145000,2017
702,320,E,PT,9,120000,2012
703,320,E,FR,8,85000,2014
704,320,NG,PL,1,144000,2019
705,320,E,SK,4,105000,2014
706,320,F,BE,3,119000,2016
707,320,NG,PL,1,141000,2018
708,320,NG,DE,2,140000,2018
709,320,D,NL,3,97500,2021
710,320,D,NL,7,99800,2020
711,320,E,AT,10,76018,2013
712,320,F,PT,7,127500,2017
713,320,NG,UK,5,99561,2018
714,320,D2,RU,7,99711,2017
715,320,F,FR,3,137000,2017
716,320,D2,RU,5,106510,2017
717,320,D2,RU,6,104244,2017
718,320,E,ES,9,83000,2012
719,320,D3,NL,8,102500,2020
720,320,D3,NL,7,102500,2020
721,320,D3,NL,5,97500,2021
722,320,D3,NL,6,112500,2021
723,320,D3,NL,8,109500,2021
724,320,D3,BE,7,104500,2021
725,323,E,FI,11483,86700,2012
726,323,E,EE,12081,67900,2013
727,323,D,DE,13900,55000,2009
728,323,E,NL,8765,75000,2014
729,323,D3,NL,1621,94800,2021
730,323,E,IT,2820,97000,2016
731,323,E,NO,6273,107391,2015
732,323,E,DE,9362,70000,2014
733,323,D,DE,12800,59900,2011
734,323,D,DE,7100,75000,2011
735,323,E,DE,6140,79990,2012
736,323,F,PL,7400,105500,2016
737,323,E,NL,8500,69000,2011
738,323,E,DE,11000,66900,2013
739,323,E,DE,7280,52941,2012
740,323,D,NL,19495,46800,2010
741,323,E,FR,2924,145000,2016
742,323,E,DE,8900,53900,2012
743,323,F,FR,4274,145000,2017
744,323,E,NL,7633,66500,2013
745,323,D,NL,7660,67500,2011
746,323,E,FR,5437,150000,2016
747,323,D,DE,14800,47000,2007
748,323,D,DE,9227,61000,2010
749,323,D,IT,13250,46500,2008
750,323,E,NO,5955,119007,2014
751,323,E,FR,3477,125000,2016
752,323,E,DE,7800,81000,2014
753,323,D,PL,17100,36500,2007
754,323,E,NO,12079,70550,2013
755,323,D,PL,10031,60730,2011
756,323,F,PL,9240,117212,2017
757,323,D,BE,8800,55000,2008
758,323,D,NL,12200,49900,2010
759,323,E,DE,11500,66900,2013
760,323,D,SE,11241,45804,2008
761,323,D,DE,6733,77000,2009
762,323,D,NL,9216,51500,2009
763,323,D,AT,18849,45850,2008
764,323,D,NL,9576,57000,2011
765,323,D,IT,12530,35000,2008
766,323,F,DE,6547,92000,2017
767,323,D,PL,8911,71600,2011
768,323,F,PT,3900,140000,2019
769,323,D,NL,17786,45900,2008
770,323,E,PL,8920,53412,2012
771,323,D,PL,10000,40000,2007
772,323,D,NL,15000,46900,2010
773,323,F,SK,3510,139000,2017
774,323,D,NL,12329,53900,2009
775,323,D,NL,12558,48500,2008
776,323,D3,NL,3463,89800,2020
777,323,D,BE,9371,54000,2010
778,323,F,ES,1579,148000,2018
779,323,E,DE,7276,64000,2012
780,323,E,FR,4542,145000,2016
781,323,D,NL,13279,51900,2007
782,323,NG,DE,4277,169000,2018
783,323,E,PL,8200,72000,2012
784,323,E,PL,15094,62230,2014
785,323,D,PL,8600,55430,2011
786,323,D,CZ,12120,49610,2008
787,323,NG,GB,3558,145359,2019
788,323,E,NL,10978,64800,2013
789,323,F,PL,5145,139000,2017
790,323,D,HU,18000,40740,2008
791,323,F,DE,8328,98500,2016
792,323,D,PL,12961,53471,2009
793,323,D,NL,7865,49800,2009
794,323,D,NL,12743,53800,2011
795,323,D,NL,19699,41900,2008
796,323,E,NL,12016,62800,2013
797,323,E,HU,10000,73000,2013
798,323,D,NL,10330,45800,2008
799,323,E,NL,13303,61800,2012
800,323,E,NL,11563,62800,2013
801,323,NG,PL,1476,140000,2018
802,323,E,NL,8687,69800,2012
803,323,E,PL,12090,78500,2013
804,323,E,EE,10296,63500,2014
805,323,E,BE,13300,65000,2012
806,323,E,PL,11000,63590,2011
807,323,F,PL,7700,99010,2016
808,323,E,PL,9900,78110,2014
809,323,E,DK,13745,62500,2012
810,323,D,NL,10525,49800,2008
811,323,F,SE,5735,133795,2017
812,323,D,NL,12742,49900,2011
813,323,D,NL,11000,52500,2010
814,323,D,NL,18497,49000,2008
815,323,D,NL,9975,58500,2008
816,323,D,NL,11433,49800,2008
817,323,D,NL,12250,53500,2009
818,323,D,BE,11000,53000,2011
819,323,D,EE,4468,67900,2008
820,323,NG,NL,2204,149000,2018
821,323,D,ES,10000,69500,2011
822,323,E,BE,13545,59000,2012
823,323,E,PL,11599,64410,2014
824,323,D,NL,13581,53900,2008
825,323,D,NL,14964,53900,2008
826,323,D,ES,12500,40000,2008
827,323,D,NL,19575,47500,2009
828,323,E,ES,14000,58000,2014
829,323,D,DE,12000,49900,2009
830,323,D,NL,14258,52900,2008
831,323,E,PL,9748,62960,2012
832,323,D,NL,11605,48500,2006
833,323,D,NL,11593,58900,2011
834,323,D,LV,9800,50000,2008
835,323,D,NL,13000,48500,2006
836,323,D,NL,18195,39900,2007
837,323,D,ES,10400,43670,2008
838,323,D,ES,11000,41320,2007
839,323,D,DE,12816,57900,2010
840,323,E,PL,10974,61793,2013
841,323,E,ES,13826,63500,2014
842,323,D,PL,12200,54950,2011
843,323,D,NL,9000,52000,2008
844,323,D,DK,12750,51775,2011
845,323,D,PL,12475,66700,2008
846,323,D,PL,8889,66700,2011
847,323,D,FR,8249,60000,2007
848,323,D,NL,8130,55000,2006
849,323,E,LV,9000,70000,2013
850,323,D,NL,9855,57000,2010
851,323,E,ES,13600,58000,2014
852,323,E,NO,9116,90599,2015
853,323,E,PL,7750,72500,2012
854,323,D,GR,9600,88000,2007
855,323,F,PL,6999,91500,2016
856,323,E,FR,9900,47000,2012
857,323,D,ES,8400,53000,2011
858,323,D,NO,11350,46487,2007
859,323,D,EE,15509,42900,2008
860,323,D,NL,11369,58800,2006
861,323,F,SE,1950,162226,2017
862,323,D,SE,13168,42769,2008
863,323,D,PL,17000,40000,2008
864,323,NG,DE,2833,159000,2019
865,323,E,DE,3530,90000,2015
866,323,E,NL,8409,66800,2012
867,323,D,FR,10000,60000,2012
868,323,D,LU,8028,45000,2008
869,323,E,NO,9151,56545,2013
870,323,D,HU,11034,73250,2007
871,323,D,SE,13187,48879,2008
872,323,D,NL,11272,48900,2007
873,323,F,NL,5993,109000,2017
874,323,F,AT,4232,132500,2017
875,323,F,CH,3040,148245,2017
876,323,E,FR,4595,100000,2013
877,323,E,DE,3734,73110,2015
878,323,D,DK,12465,46784,2008
879,323,E,NL,6561,79800,2014
880,323,D,UA,14000,65000,2008
881,323,E,FI,8316,99500,2012
882,323,D,NL,10611,45000,2010
883,323,D,NL,10522,45800,2008
884,323,E,FR,6857,125000,2015
885,323,E,FR,2895,99000,2016
886,323,D,UA,10150,84000,2011
887,323,D,NL,13171,46900,2008
888,323,D,DE,8100,56500,2011
889,323,NG,NL,4750,135000,2019
890,323,D,IT,12161,58000,2010
891,323,D,ES,8400,53000,2008
892,323,F,PL,6130,129000,2017
893,323,E,NL,8925,69900,2012
894,323,D,FI,13452,76296,2011
895,323,F,FI,6474,124900,2016
896,323,D,FI,14266,54900,2008
897,323,E,PL,10613,54743,2015
898,323,E,PL,15130,35992,2014
899,323,NG,SE,2600,177757,2019
900,323,D3,NL,3719,89800,2019
901,323,D,NL,7997,62800,2011
902,323,D,NL,14201,46900,2008
903,323,D,NL,18565,42800,2008
904,323,E,PL,7615,110347,2015
905,323,NG,BE,4211,168000,2018
906,323,F,BE,6096,119000,2016
907,323,E,AT,11053,69500,2014
908,323,E,BE,12600,65000,2014
909,323,E,PL,10000,68590,2013
910,323,D,DE,10123,41900,2009
911,323,NG,SE,1700,180325,2019
912,323,E,NO,6222,77684,2012
913,323,F,FR,2500,150000,2017
914,323,F,IT,3611,137000,2017
915,323,E,PL,11900,65354,2013
916,323,D,CH,6013,72516,2010
917,323,D,IT,8983,72000,2009
918,323,D,NL,12480,47800,2009
919,323,E,PL,6220,85000,2014
920,323,D,NL,12675,55750,2010
921,323,F,AT,5232,132000,2017
922,323,D,PL,18550,39900,2008
923,323,D,HU,13098,60000,2009
924,323,D,PL,380,61470,2010
925,323,D,NL,9984,46000,2007
926,323,F,EE,6137,92000,2017
927,323,D,NL,8032,45000,2008
928,323,F,PL,5030,97509,2016
929,323,E,PL,11907,62001,2014
930,323,F,NL,3401,119500,2017
931,323,F,NL,969,139500,2017
932,323,E,NL,8685,69800,2013
933,323,F,NL,6980,99500,2016
934,323,D,HR,10253,63500,2011
935,323,D,NL,10329,45000,2008
936,323,D,NO,11400,49530,2008
937,323,D,NL,15600,44900,2007
938,323,D,NL,11200,62000,2011
939,323,D,NL,11895,55000,2009
940,323,D,PL,9833,58650,2011
941,323,E,DE,8307,82000,2015
942,323,D,PL,11757,48306,2010
943,323,E,PL,10338,62274,2012
944,323,F,DK,5100,160032,2017
945,323,E,PT,5000,85000,2015
946,323,E,DK,7200,103281,2012
947,323,E,ES,13700,65000,2014
948,323,D,ES,9722,66000,2011
949,323,D,ES,10390,75000,2012
950,323,D,RO,8400,48500,2008
951,323,E,PL,5500,96291,2014
952,323,E,HU,4500,97000,2014
953,323,D,FI,14000,49000,2008
954,323,E,BE,8280,58500,2013
955,323,E,NL,6494,105000,2013
956,323,F,NO,6333,102685,2016
957,323,D,NO,12510,50853,2008
958,323,E,FI,7270,115000,2015
959,323,F,FI,6444,125001,2016
960,323,D,FI,9568,70074,2011
961,323,D,FI,13428,80296,2011
962,323,F,IT,4703,130000,2017
963,323,D,IT,7861,76500,2008
964,323,D,PL,10450,75262,2009
965,323,F,PL,4830,128000,2017
966,323,E,PL,7600,71000,2012
967,323,NG,AT,3604,135000,2018
968,323,E,FR,5977,115000,2015
969,323,D,BG,11700,39880,2006
970,323,F,NL,3980,129000,2017
971,323,D,IT,14717,39000,2008
972,323,D,IT,5678,69000,2010
973,323,E,FR,6830,130000,2015
974,323,D,PL,9971,61350,2010
975,323,D,NO,8795,64674,2011
976,323,D,NL,8898,49800,2011
977,323,NG,BE,4127,153000,2018
978,323,F,PL,5353,103000,2017
979,323,E,FR,3344,105000,2015
980,323,F,PL,5268,123100,2017
981,323,D,RO,9300,45900,2006
982,323,E,IT,3126,118000,2016
983,323,E,FR,2890,124000,2016
984,323,D,NL,14554,52900,2006
985,323,D,NL,14580,54900,2007
986,323,D,NL,12981,49900,2009
987,323,D,PL,16000,48900,2011
988,323,E,FR,6844,109000,2015
989,323,E,PL,4897,121000,2016
990,323,E,DE,6000,128500,2015
991,323,E,DE,5800,129500,2015
992,323,D,DE,10800,46900,2009
993,323,D,DE,10500,49850,2009
994,323,D,HR,14880,45000,2008
995,323,E,DE,9480,66500,2012
996,323,D,NL,10745,64000,2011
997,323,E,DE,11200,58000,2011
998,323,E,DE,7796,69900,2011
999,323,F,DE,5550,94000,2016
1000,323,NG,CZ,390,196000,2019
1001,323,E,NL,11595,64800,2014
1002,323,F,DE,5800,124900,2017
1003,323,D3,NL,5,117500,2022
1004,323,D3,NL,7,117500,2021
1005,323,D3,NL,10,114500,2021
1006,323,D3,NL,7,114500,2021
1007,323,D3,NL,10,114500,2022
1008,323,D3,NL,6,114800,2022
1009,323,D3,BE,4,114000,2021
1010,323,D3,NL,6,113000,2021
1011,323,D3,NL,4,114900,2021
1012,323,D3,NL,12,109800,2020
1013,323,D3,NL,8,117500,2021
1014,323,D3,NL,5,115000,2021
1015,323,D3,NL,4,112400,2021
1016,323,D3,NL,6,114800,2021
1017,323,D3,NL,5,114800,2021
1018,323,D3,NL,4,114800,2021
1019,323,D3,NL,6,114000,2021
1020,323,D3,NL,11,114800,2021
1021,323,F,PL,4,128000,2017
1022,323,F,PL,5,122532,2017
1023,323,E,PL,4,121000,2016
1024,323,E,FR,2,124000,2016
1025,323,E,FR,6,130000,2015
1026,323,E,FR,3,105000,2015
1027,323,E,FR,5,115000,2015
1028,323,E,NL,8,69800,2013
1029,323,F,NL,6,99500,2016
1030,323,F,NL,3,119500,2017
1031,323,E,DE,8,82000,2015
1032,323,D3,NL,5,112400,2021
1033,323,D,NL,10,119000,2020
1034,323,D3,BE,3,115000,2021
1035,323,D3,NL,12,114800,2020
1036,323,D3,NL,11,114800,2020
1037,323,D,NL,5,112500,2019
1038,323,D,NL,6,112500,2020
1039,323,D3,NL,5,112500,2020
1040,323,D3,NL,8,114900,2021
1041,323,D3,NL,5,114900,2021
1042,323,D3,DE,7,112500,2020
1043,329,E,SE,7508,113768,2015
1044,329,D,HR,12129,75500,2009
1045,329,E,NL,12927,73800,2012
1046,329,E,NL,12039,71800,2012
1047,329,E,DE,9900,83900,2011
1048,329,E,DE,10600,77000,2012
1049,329,D,CH,18180,47499,2008
1050,329,E,DE,11424,72900,2012
1051,329,E,DE,11500,89900,2014
1052,329,E,NL,12281,72800,2012
1053,329,E,UK,6099,54310,2014
1054,329,E,SK,8350,145000,2015
1055,329,E,GB,8424,81789,2014
1056,329,E,IT,14096,70000,2012
1057,329,E,PL,16409,74190,2012
1058,329,D,BE,11000,62000,2010
1059,329,E,CZ,11000,92032,2013
1060,329,D,BE,6013,79000,2013
1061,329,E,NL,12037,89500,2014
1062,329,E,EE,12282,74000,2012
1063,329,E,DE,10157,102221,2012
1064,329,E,DE,10834,108171,2014
1065,329,D,NL,9393,59500,2011
1066,329,E,DE,11173,89900,2014
1067,329,E,FI,9175,100000,2014
1068,329,D,GB,14429,55184,2010
1069,329,E,NO,5250,94575,2012
1070,329,E,BE,7111,106000,2014
1071,329,D,NL,10858,10000,2010
1072,329,E,FR,5297,150000,2015
1073,329,E,NL,11620,77900,2012
1074,329,E,GB,9741,81749,2011
1075,329,E,GB,7000,95323,2015
1076,329,D,NL,5618,83295,2009
1077,329,E,NL,14104,74800,2015
1078,329,E,NL,15424,79800,2012
1079,329,D,BE,11700,67000,2010
1080,329,D,BE,11400,69000,2010
1081,329,D,DE,9800,95000,2011
1082,329,D,TR,14000,80000,2015
1083,329,E,DE,11000,78000,2012
1084,329,E,HR,12516,80500,2011
1085,329,E,NO,8347,113743,2015
1086,329,D,BE,6004,82000,2013
1087,329,D,BE,5073,84000,2013
1088,329,E,DE,11617,69000,2012
1089,329,E,PL,9253,90108,2014
1090,329,E,PL,7274,109936,2015
1091,329,E,FI,10500,99000,2015
1092,329,E,PL,11606,68297,2011
1093,329,E,NL,7352,99000,2014
1094,329,D,SE,12204,76874,2011
1095,329,D,NL,14200,71000,2010
1096,329,E,PL,14000,68470,2012
1097,329,E,PL,7140,112841,2012
1098,329,D,TR,7205,95000,2014
1099,329,E,DE,10272,120000,2015
1100,329,D,NL,8489,69000,2011
1101,329,E,BE,8700,73000,2012
1102,329,E,NL,11446,69500,2011
1103,329,E,NL,12180,76500,2011
1104,329,D,IT,13137,68000,2011
1105,329,E,NL,6911,115000,2015
1106,329,E,PL,11000,71000,2011
1107,329,E,ES,7020,137000,2014
1108,329,E,AT,6197,119500,2015
1109,329,E,NL,11229,75900,2011
1110,329,E,CH,8101,124469,2015
1111,329,E,DE,10302,81000,2015
1112,329,E,DE,12000,95000,2014
1113,329,E,NL,14823,76800,2014
1114,329,E,CH,10140,130504,2015
1115,329,E,NL,13200,71800,2012
1116,329,E,NL,10388,69500,2015
1117,329,D,FI,13954,56000,2007
1118,329,D,NL,14338,69900,2009
1119,329,E,FR,10429,67000,2013
1120,329,E,NL,9142,84500,2015
1121,329,D,NL,12225,73900,2009
1122,329,E,PL,3842,104306,2012
1123,329,E,DE,8135,89000,2015
1124,329,E,ES,9147,67500,2012
1125,329,E,SE,11155,102459,2015
1126,329,E,DE,9227,89000,2014
1127,329,E,AT,8080,125000,2015
1128,329,E,DE,10265,89900,2015
1129,329,D,TR,12250,83000,2015
1130,329,E,NL,12400,72000,2013
1131,329,D,BE,6009,89000,2013
1132,329,E,HR,11299,81500,2012
1133,329,E,SE,11150,99364,2015
1134,329,E,NO,13082,69872,2014
1135,329,E,PL,8749,54743,2015
1136,329,E,PL,13897,53234,2015
1137,329,E,PL,9733,68105,2015
1138,329,E,NO,9400,100435,2015
1139,329,E,NL,9687,76500,2010
1140,329,D,BE,5072,89000,2013
1141,329,E,FR,7011,125000,2014
1142,329,D,BE,7254,89000,2015
1143,329,E,CH,12416,78023,2013
1144,329,D,DE,4480,104000,2010
1145,329,E,FR,5017,67000,2013
1146,329,E,PL,11300,81680,2013
1147,329,D,SE,11100,58793,2011
1148,329,E,NL,5861,159000,2015
1149,329,D,NL,8894,77000,2009
1150,329,E,DE,8028,115000,2012
1151,329,E,PL,5500,96000,2014
1152,329,E,FR,11326,72000,2014
1153,329,E,FR,5825,165000,2015
1154,329,E,DK,14300,68303,2012
1155,329,E,DK,8800,97479,2013
1156,329,D,RU,14967,67964,2012
1157,329,E,PL,8604,73841,2013
1158,329,E,PL,9762,79286,2013
1159,329,E,PL,10299,73841,2013
1160,329,E,NL,10602,88500,2014
1161,329,E,NL,5100,105000,2013
1162,329,E,DE,8798,86000,2014
1163,329,E,DE,8169,109000,2014
1164,329,E,CH,9300,75852,2011
1165,329,D,RO,11000,70000,2011
1166,329,E,DE,9589,67900,2014
1167,329,E,RO,7900,67500,2012
1168,329,D,NL,8796,69000,2012
1169,329,E,NL,5800,105000,2013
1170,329,D,DE,10612,85500,2011
1171,329,E,AT,7773,117500,2015
1172,329,E,DE,8500,99500,2012
1173,329,E,PL,9000,94910,2013
1174,329,E,NL,9000,95000,2014
1175,329,E,FR,6177,150000,2015
1176,329,E,FR,11363,67000,2011
1177,329,E,PL,7412,152959,2013
1178,329,D,PL,9228,87879,2009
1179,329,E,PL,4952,131266,2012
1180,329,D,RU,14400,94631,2014
1181,329,E,FI,15277,75000,2011
1182,329,E,PL,8500,77476,2011
1183,329,E,FI,12100,79000,2012
1184,329,D,TR,7700,93000,2015
1185,329,E,SE,9272,115244,2015
1186,329,E,DE,10100,88000,2014
1187,329,D,NL,11313,73900,2010
1188,329,E,NL,14446,69500,2012
1189,329,E,DE,7430,79000,2014
1190,329,E,NL,12866,69800,2012
1191,329,D,HR,9109,87500,2013
1192,329,E,DE,11267,74500,2012
1193,329,E,DE,9816,72500,2011
1194,329,E,DE,10400,69900,2012
1195,329,F,NL,5759,107500,2015
1196,329,D,DE,9870,68900,2011
1197,329,E,NL,13852,91800,2014
1198,329,E,NL,5,159000,2015
1199,329,E,DE,8,115000,2012
1200,329,E,FR,11,72000,2014
1201,329,E,PL,7,150236,2013
1202,329,E,FR,11,71000,2011
1203,329,D,PL,9,86315,2009
1204,329,E,PL,4,128929,2012
1205,329,E,FR,6,138000,2015
1206,329,E,AT,8,123000,2015
1207,329,E,FR,5,165000,2015
1208,329,E,DE,8,86000,2014
1209,329,D,RU,14,94631,2014
1210,330,D2,NL,6700,135000,2018
1211,330,D2,NL,10200,107900,2015
1212,330,D2,UA,5639,125000,2016
1213,330,D,SI,12450,97903,2008
1214,330,C,NL,11894,53800,2004
1215,330,C,GB,11000,105567,2006
1216,330,D,ES,8167,40909,2007
1217,330,D,DE,13554,59900,2007
1218,330,NG,DE,1166,239500,2020
1219,330,D,NL,19730,52000,2006
1220,330,F,NL,5700,145000,2018
1221,330,F,AT,8450,125000,2017
1222,330,F,AT,8435,124500,2017
1223,330,D,DE,15000,49300,2008
1224,330,D,AT,23158,46900,2009
1225,330,D,DE,18376,105791,2008
1226,330,C,IT,18344,45000,2005
1227,330,D,NL,21298,54800,2006
1228,330,D,BE,11750,61500,2008
1229,330,F,DE,1069,315638,2017
1230,330,F,DE,8456,89850,2016
1231,330,D,NL,17411,61500,2007
1232,330,NG,NL,3593,179000,2019
1233,330,D,NL,14862,68900,2008
1234,330,F,NL,11297,98750,2016
1235,330,F,BE,6213,129000,2016
1236,330,D2,NL,4287,119000,2015
1237,330,C,NL,22423,52800,2003
1238,330,F,DE,8071,144000,2016
1239,330,F,BE,4601,149000,2016
1240,330,D,BE,15477,70000,2008
1241,330,D,FR,10000,45600,2008
1242,330,F,FR,3635,205000,2018
1243,330,C,DE,11000,81991,2004
1244,330,D,NL,17000,59500,2008
1245,330,D,NL,11144,52500,2007
1246,330,D,NL,12652,95000,2008
1247,330,D,FI,17761,53000,2006
1248,330,D,FI,21291,48000,2006
1249,330,NG,BY,3600,169000,2020
1250,330,C,GB,12000,105957,2005
1251,330,F,NO,10278,128253,2017
1252,330,D2,NL,7100,95000,2017
1253,330,D,NL,22662,64800,2007
1254,330,F,DE,6164,138500,2017
1255,330,D,ES,7912,100894,2006
1256,330,F,NL,7262,123500,2016
1257,330,F,DE,9507,119000,2016
1258,330,D,FR,12504,77900,2006
1259,330,D,RO,16966,50000,2008
1260,330,F,GB,4464,126695,2016
1261,330,D,GB,10000,69984,2008
1262,330,D2,NL,10836,89000,2015
1263,330,F,NL,3848,189000,2018
1264,330,D,NL,13106,139000,2006
1265,330,D,NL,14000,57000,2007
1266,330,D,ES,13500,72000,2008
1267,330,F,BE,3740,145000,2017
1268,330,F,NL,11926,93900,2016
1269,330,NG,PL,1820,195000,2020
1270,330,D,DE,15183,65000,2007
1271,330,D,NL,9234,60000,2007
1272,330,C,NL,10470,52500,2002
1273,330,D,NL,8144,60000,2008
1274,330,D,DE,12300,61500,2007
1275,330,D,NL,11064,62800,2008
1276,330,D2,NL,4700,115000,2018
1277,330,D,NL,11841,62800,2008
1278,330,C,SE,10240,38507,2004
1279,330,D,LV,10000,65000,2007
1280,330,C,NL,13557,49800,2005
1281,330,F,DE,7726,121900,2016
1282,330,D,NL,9236,54500,2006
1283,330,F,CH,4414,155454,2016
1284,330,D,DE,12700,135000,2006
1285,330,C,DE,12240,74900,2005
1286,330,F,FR,2472,211000,2017
1287,330,F,NL,3918,149000,2017
1288,330,D,NL,24000,49500,2006
1289,330,F,PL,6120,98540,2016
1290,330,NG,BE,1134,228000,2019
1291,330,NG,DE,2660,196000,2019
1292,330,D,RU,13900,76810,2008
1293,330,C,ES,15292,58000,2005
1294,330,D,NL,17037,59500,2006
1295,330,D,NL,8232,59500,2008
1296,330,B,NL,9108,52500,2002
1297,330,D2,NL,7408,115000,2017
1298,330,NG,DE,2130,189000,2019
1299,330,F,GE,1096,261545,2016
1300,330,F,CH,3998,165768,2017
1301,330,NG,BE,3492,199000,2019
1302,330,NG,NL,2381,159800,2019
1303,330,NG,NL,3507,151800,2019
1304,330,D,GR,8236,112000,2008
1305,330,D,NL,12637,57500,2007
1306,330,D,NL,9122,62500,2008
1307,330,F,CH,3299,170876,2017
1308,330,D,HR,10300,82000,2008
1309,330,F,NO,5486,346346,2017
1310,330,F,PL,8500,107000,2016
1311,330,F,UK,9548,105019,2016
1312,330,F,DE,4120,160000,2017
1313,330,C,CZ,15000,29500,2005
1314,330,D,IS,14150,45900,2007
1315,330,D2,NL,10455,123000,2018
1316,330,D2,NL,7420,120000,2017
1317,330,F,CH,4741,126056,2015
1318,330,D,NL,10545,52800,2007
1319,330,D,NL,13053,65900,2006
1320,330,D,NL,13560,69000,2007
1321,330,F,NO,5277,182218,2017
1322,330,D2,NL,11541,119500,2017
1323,330,D,NL,8778,58000,2007
1324,330,D,DE,20700,51000,2008
1325,330,NG,DE,2517,239000,2019
1326,330,C,NL,14864,119900,2003
1327,330,NG,BE,2500,195000,2019
1328,330,F,DE,8849,129000,2016
1329,330,D,FR,11711,65000,2006
1330,330,D,NL,14363,89750,2007
1331,330,D,NL,13669,65900,2006
1332,330,D,NO,8640,48248,2007
1333,330,D,FR,15235,15900,2007
1334,330,D,GB,13811,69017,2008
1335,330,NG,PL,1668,192000,2019
1336,330,D,NO,9886,138252,2007
1337,330,D,NO,11833,58068,2008
1338,330,D,NL,16000,72000,2007
1339,330,F,FI,9052,135000,2016
1340,330,D,RO,12446,33800,2007
1341,330,D,NL,8651,63800,2007
1342,330,D2,NL,9410,119500,2016
1343,330,D,NL,15300,61900,2008
1344,330,F,FR,2653,220000,2018
1345,330,F,PL,9590,130000,2018
1346,330,C,NL,12941,54800,2005
1347,330,F,NO,4656,354509,2017
1348,330,C,BE,12937,59601,2006
1349,330,D,NL,14684,63500,2007
1350,330,C,NL,11687,49500,2005
1351,330,F,FR,6132,180000,2016
1352,330,F,NL,4163,169000,2018
1353,330,D,NL,9027,64800,2007
1354,330,F,NO,3691,208777,2018
1355,330,F,NL,2219,189000,2018
1356,330,C,RO,15600,41500,2002
1357,330,F,IT,5321,211000,2018
1358,330,D,FI,14020,59000,2008
1359,330,F,GE,1084,249513,2016
1360,330,D,NL,14322,59800,2008
1361,330,F,IT,3763,185000,2017
1362,330,D,NL,15900,85000,2008
1363,330,NG,PL,1431,203000,2019
1364,330,C,HR,10500,58000,2003
1365,330,C,PT,10000,46500,2005
1366,330,D,RO,12000,51900,2009
1367,330,D,RU,18576,65085,2007
1368,330,D,NO,18000,43044,2006
1369,330,D,BG,14000,60000,2006
1370,330,D2,UA,5000,112000,2016
1371,330,F,NL,12275,98800,2016
1372,330,D,NL,14973,83500,2006
1373,330,D,RU,6850,122907,2018
1374,330,F,PL,11053,93710,2016
1375,330,F,NL,1151,180000,2018
1376,330,D2,TR,4094,123000,2017
1377,330,D,NL,14810,59500,2007
1378,330,D,NL,13000,92000,2008
1379,330,D,NL,13200,67900,2008
1380,330,D,PL,12459,54260,2008
1381,330,F,PL,4304,182400,2016
1382,330,D2,NL,7242,123000,2015
1383,330,C,TR,19000,44900,2004
1384,330,D,FR,9025,49900,2007
1385,330,F,FR,6139,170000,2016
1386,330,C,TR,17200,35000,2005
1387,330,F,DE,1063,209000,2018
1388,330,D,NL,15925,85000,2007
1389,330,C,NL,9464,47500,2003
1390,330,D,NL,9078,82900,2007
1391,330,D,RU,14934,39370,2006
1392,330,F,NL,3904,144000,2016
1393,330,C,DE,17000,39900,2004
1394,330,D,BE,15000,59000,2008
1395,330,D,NL,14351,87500,2007
1396,330,D,NL,13937,60800,2007
1397,330,NG,NL,8,197500,2021
1398,330,F,ES,3,173500,2016
1399,330,D,NL,14,59500,2007
1400,330,F,PL,4,182487,2016
1401,330,NG,PL,1,203000,2019
1402,330,D2,RU,6,122928,2018
1403,336,F,DE,6803,299000,2015
1404,336,E,IT,10129,167000,2015
1405,336,F,DE,11000,120000,2015
1406,336,F,DE,10229,122500,2015
1407,336,D,DE,10300,81000,2012
1408,336,E,RO,11318,88235,2012
1409,336,E,DE,9500,124500,2014
1410,336,E,DE,12500,86950,2013
1411,336,D,NL,20203,66000,2011
1412,336,D,RO,13500,73900,2012
1413,336,F,IE,9212,100000,2015
1414,336,F,FR,5534,238000,2018
1415,336,E,PL,10500,107330,2014
1416,336,D,UA,14000,89000,2009
1417,336,E,DE,7200,125000,2014
1418,336,E,GB,9030,93923,2014
1419,336,E,PL,13300,74594,2013
1420,336,E,FR,13712,76900,2010
1421,336,D2,BE,6070,129883,2017
1422,336,D2,BE,8216,120262,2016
1423,336,F,NL,8615,134900,2015
1424,336,D2,BE,7719,115000,2014
1425,336,F,NL,5638,169000,2017
1426,336,F,PL,16200,98500,2015
1427,336,D,TR,12000,85000,2012
1428,336,D2,BE,6100,135000,2017
1429,336,D2,BE,8200,130000,2016
1430,336,F,GB,7294,142611,2015
1431,336,E,FI,10045,100000,2011
1432,336,D2,NL,13612,119900,2015
1433,336,D,NL,14022,62750,2011
1434,336,D,DE,11250,76000,2011
1435,336,NG,BE,2673,267000,2019
1436,336,E,PL,11200,48000,2012
1437,336,D,FR,14807,78000,2010
1438,336,E,NL,7916,149000,2014
1439,336,F,DE,8900,122000,2015
1440,336,E,FR,12484,99000,2012
1441,336,D,PL,13400,110840,2012
1442,336,D,RO,13000,73900,2013
1443,336,E,DE,5532,141711,2012
1444,336,D,NL,15624,87900,2011
1445,336,E,NL,12859,89000,2012
1446,336,D2,BE,5302,145000,2018
1447,336,F,BE,6216,149000,2016
1448,336,E,DK,12801,100789,2015
1449,336,E,DK,13458,98101,2015
1450,336,E,GB,10900,74480,2013
1451,336,F,DE,12591,105900,2016
1452,336,E,IT,11300,98000,2014
1453,336,E,FR,9909,122664,2016
1454,336,D2,BE,7608,124000,2015
1455,336,E,NL,11947,89750,2013
1456,336,E,NL,19185,64800,2012
1457,336,NG,TR,3102,185000,2020
1458,336,E,DE,9090,94000,2014
1459,336,E,FI,20000,89000,2016
1460,336,D,SE,16187,112100,2010
1461,336,D,HU,18000,79623,2009
1462,336,NG,GB,3605,246989,2019
1463,336,E,NL,8573,84800,2012
1464,336,F,NL,9598,159000,2015
1465,336,F,GB,7500,139303,2017
1466,336,E,FR,10995,99000,2010
1467,336,D,UA,1870,140000,2018
1468,336,D,ES,9540,127800,2012
1469,336,D2,BE,7607,129000,2015
1470,336,D,NL,18827,64800,2009
1471,336,F,GB,2883,224719,2018
1472,336,F,DE,2449,243484,2018
1473,336,E,NL,4684,216068,2017
1474,336,E,DE,10866,98900,2015
1475,336,E,FI,19188,53000,2012
1476,336,NG,PL,2246,238000,2019
1477,336,E,DE,10890,83900,2012
1478,336,NG,TR,4230,180000,2020
1479,336,NG,PL,2545,220000,2019
1480,336,E,DE,10800,91900,2012
1481,336,F,FI,5950,192000,2015
1482,336,E,BE,10562,86000,2012
1483,336,D,DE,11800,77000,2011
1484,336,E,DE,7353,124990,2014
1485,336,E,PL,11574,94716,2013
1486,336,F,FI,8590,160000,2016
1487,336,F,FI,8720,160000,2015
1488,336,F,RO,9116,139950,2016
1489,336,NG,PL,2199,229000,2020
1490,336,E,RO,1200,110000,2019
1491,336,F,NL,8955,148500,2018
1492,336,D2,NL,4200,125000,2017
1493,336,D2,NL,4917,10000,2016
1494,336,D,DE,18830,65500,2009
1495,336,D2,ES,5200,147000,2015
1496,336,D,TR,15764,73500,2010
1497,336,D2,BE,7527,129000,2015
1498,336,F,NO,7600,97000,2016
1499,336,F,DE,3489,249900,2018
1500,336,F,DE,6050,159500,2016
1501,336,D,RU,7800,141622,2015
1502,336,D,GB,9374,77169,2012
1503,336,E,ES,10700,125000,2014
1504,336,D,NL,9736,59500,2012
1505,336,E,NL,8457,99500,2014
1506,336,E,NL,10554,81500,2012
1507,336,D,LU,17045,59800,2012
1508,336,D,RU,10000,107467,2014
1509,336,F,ES,6500,155000,2015
1510,336,E,LT,7000,75500,2016
1511,336,NG,BE,3171,247000,2019
1512,336,E,NL,12225,78900,2013
1513,336,E,NL,9667,109800,2013
1514,336,E,BE,12025,82000,2011
1515,336,E,DE,9723,99750,2013
1516,336,E,DE,7358,125900,2014
1517,336,NG,BE,305,299000,2020
1518,336,D,NL,13227,96800,2011
1519,336,E,NL,4602,159000,2015
1520,336,D,NL,20978,57000,2011
1521,336,E,CH,9766,103045,2013
1522,336,E,CH,9664,101172,2013
1523,336,NG,CH,3045,293868,2018
1524,336,F,DE,8915,125000,2015
1525,336,E,RO,10037,85000,2014
1526,336,E,HU,9420,88900,2013
1527,336,F,FR,4943,195000,2016
1528,336,E,FR,10991,105000,2010
1529,336,E,AT,11514,93500,2013
1530,336,E,AT,11416,99000,2013
1531,336,E,NL,10100,30000,2014
1532,336,F,RO,11700,92000,2016
1533,336,D,TR,9750,106000,2013
1534,336,E,IS,9720,111579,2014
1535,336,F,PL,7864,127514,2016
1536,336,D,PL,20722,43948,2011
1537,336,F,PL,12603,85514,2016
1538,336,F,NL,11850,25000,2016
1539,336,D,NL,17045,67500,2012
1540,336,E,NO,8200,74572,2012
1541,336,D,TR,18000,57500,2012
1542,336,E,NL,11482,80800,2014
1543,336,F,DE,4780,187500,2018
1544,336,F,DE,8548,135900,2016
1545,336,E,DE,10771,109900,2014
1546,336,F,DE,7933,135900,2016
1547,336,F,UA,7250,136500,2016
1548,336,E,FR,5568,149000,2015
1549,336,D,RU,10500,98391,2013
1550,336,D2,BE,8293,99000,2015
1551,336,D,TR,12485,77000,2012
1552,336,D,TR,9535,99000,2012
1553,336,D2,NL,1061,184800,2017
1554,336,D2,NL,1148,184800,2017
1555,336,F,DE,3209,249900,2018
1556,336,D,DE,8280,105500,2012
1557,336,F,DE,3300,245000,2018
1558,336,F,NL,7850,148500,2016
1559,336,D2,PL,7123,94450,2015
1560,336,E,NO,8500,77900,2013
1561,336,F,NL,3904,195000,2018
1562,336,E,NL,12672,84800,2014
1563,336,F,LT,8803,132300,2015
1564,336,D,DE,13192,92900,2011
1565,336,D,SE,16648,56789,2011
1566,336,D,DE,10517,79900,2010
1567,336,E,NL,10050,77500,2013
1568,336,F,IT,4872,200000,2017
1569,336,F,IT,4624,205000,2017
1570,336,F,SE,7500,174130,2015
1571,336,D,IT,11500,70000,2011
1572,336,F,DE,7932,135000,2016
1573,336,F,BE,2300,195000,2017
1574,336,F,BE,2689,234000,2018
1575,336,E,DK,9580,128022,2014
1576,336,D,IT,13500,70000,2010
1577,336,E,NL,9072,81800,2013
1578,336,D,CZ,14300,75000,2011
1579,336,E,NL,10791,89800,2013
1580,336,F,DE,5473,169000,2017
1581,336,D,NL,9862,58500,2011
1582,336,D,NL,8922,62500,2010
1583,336,D,BE,6316,129000,2017
1584,336,D,BE,5697,129000,2018
1585,336,D,NL,9215,64500,2012
1586,336,D,NL,9302,59500,2012
1587,336,D,NL,9464,62500,2011
1588,336,E,NL,11873,79800,2014
1589,336,F,DE,7153,143500,2016
1590,336,D,EE,13177,79500,2011
1591,336,NG,NL,1238,189900,2019
1592,336,E,DE,11500,105000,2014
1593,336,E,DE,6943,94000,2013
1594,336,F,DE,4993,329000,2017
1595,336,F,DE,11786,87563,2016
1596,336,D,ES,5180,185000,2015
1597,336,D,PL,13188,78856,2010
1598,336,E,ES,8730,170000,2015
1599,336,E,PL,6981,117506,2014
1600,336,E,PL,10687,86408,2012
1601,336,E,PL,8908,90851,2014
1602,336,E,DE,6800,129000,2014
1603,336,E,DE,10770,99900,2014
1604,336,D2,TR,16165,80000,2015
1605,336,D2,BE,4926,141500,2016
1606,336,E,DE,10500,99950,2012
1607,336,D,DE,9417,96000,2010
1608,336,D,DE,8280,105500,2011
1609,336,F,ES,5767,188000,2015
1610,336,E,UK,7096,113636,2015
1611,336,F,ES,5455,189900,2015
1612,336,E,NL,9066,99750,2014
1613,336,D,SE,11036,86547,2011
1614,336,F,PL,5375,175037,2017
1615,336,F,PL,2710,219907,2017
1616,336,E,PL,9008,89744,2014
1617,336,D,DE,12219,67900,2010
1618,336,E,DE,7350,129000,2014
1619,336,E,ES,9738,133500,2012
1620,336,D,ES,21991,58000,2010
1621,336,E,FI,14000,115000,2015
1622,336,E,FI,10680,115000,2014
1623,336,E,IT,9336,147000,2014
1624,336,F,LT,8797,132000,2015
1625,336,D,PL,8500,144200,2009
1626,336,E,EE,11869,84500,2014
1627,336,D,NL,16910,56800,2011
1628,336,D2,BE,6539,137500,2016
1629,336,D,PL,13000,65000,2012
1630,336,D2,PL,7119,108500,2015
1631,336,D,NL,10163,58500,2011
1632,336,D,NL,11300,58000,2010
1633,336,E,NO,13070,88938,2014
1634,336,D,NL,17284,93800,2011
1635,336,E,NO,10200,83430,2013
1636,336,D,TR,14663,74000,2013
1637,336,D2,NL,8678,126000,2015
1638,336,D,UA,9862,85000,2011
1639,336,E,NL,19644,72800,2013
1640,336,D2,BE,6682,135000,2015
1641,336,E,NL,8411,115000,2014
1642,336,D,NL,9319,62500,2010
1643,336,E,NL,13256,114500,2013
1644,336,D,NL,5,144800,2018
1645,336,D,UA,6,178200,2017
1646,336,D,NL,5,159800,2018
1647,336,NG,LT,1,275000,2021
1648,336,D,NL,5,269800,2018
1649,336,D2,TR,3,180000,2017
1650,336,D,NL,5,169800,2018
1651,950,H,NL,4,91200,2016
1652,950,M,AT,5,120000,2016
1653,950,M,FR,5,150000,2018
1654,950,M,FR,6,129000,2017
1655,950,GC,DE,7,147500,2014
1656,950,K,FR,9,80000,2012
1657,950,M,UK,9,80536,2016
1658,950,H,DE,11,59750,2010
1659,950,M,UK,14,60237,2015
1660,950,M,NL,300,178000,2020
1661,950,G,DE,450,141000,2014
1662,950,M,DE,608,172000,2019
1663,950,M,CZ,803,161522,2015
1664,950,GC,FR,1015,165000,2018
1665,950,GC,DE,1017,149000,2019
1666,950,GC,PL,1023,165500,2018
1667,950,GC,DE,1100,139000,2018
1668,950,GC,AT,1250,142000,2018
1669,950,GC,FR,1469,180000,2020
1670,950,GC,FR,1516,278000,2019
1671,950,GC,FR,1529,167000,2019
1672,950,M,PL,1621,172823,2018
1673,950,GC,PL,1688,117000,2018
1674,950,GC,PL,1699,128700,2018
1675,950,H,PL,1728,56660,2008
1676,950,M,DE,2060,91000,2018
1677,950,M,BE,2072,167000,2018
1678,950,GC,FR,2083,155000,2018
1679,950,GC,GB,2130,148508,2019
1680,950,M,DE,2146,124900,2018
1681,950,M,FR,2182,206000,2019
1682,950,M,FR,2306,200000,2019
1683,950,GC,NL,2462,109500,2019
1684,950,GC,DE,2464,111500,2019
1685,950,GC,UA,2850,155000,2019
1686,950,GC,BE,3000,129000,2017
1687,950,GC,NL,3050,119500,2017
1688,950,GC,NL,3060,115000,2017
1689,950,M,FR,3068,150000,2017
1690,950,GC,TR,3153,128000,2021
1691,950,M,NL,3289,147500,2019
1692,950,GC,PL,3300,131416,2019
1693,950,GC,TR,3400,115000,2017
1694,950,M,CH,3705,146436,2017
1695,950,GC,TR,3803,113000,2020
1696,950,M,LT,3849,137500,2016
1697,950,G,LT,3985,120400,2018
1698,950,M,NL,4356,145000,2018
1699,950,M,FR,4674,162000,2017
1700,950,GC,NL,4692,97750,2017
1701,950,M,DE,4850,142000,2017
1702,950,M,FR,5000,156000,2017
1703,950,M,IT,5015,115000,2016
1704,950,GC,TR,5205,116000,2020
1705,950,H,UA,5250,85000,2011
1706,950,M,FR,5321,150000,2018
1707,950,G,EE,5400,115000,2018
1708,950,M,LT,5440,117000,2015
1709,950,M,ES,5474,129000,2017
1710,950,K,LT,5600,50500,2014
1711,950,M,UK,5700,113900,2016
1712,950,M,FR,5841,150000,2017
1713,950,M,UA,5870,99000,2016
1714,950,M,DE,5876,97000,2016
1715,950,G,ES,5950,109000,2017
1716,950,M,GR,5972,127983,2016
1717,950,M,ES,6000,130000,2018
1718,950,M,ES,6024,124500,2017
1719,950,GC,IT,6100,146065,2017
1720,950,G,RU,6100,95886,2020
1721,950,G,DE,6205,49900,2005
1722,950,L,RO,6340,120000,2018
1723,950,M,PL,6440,89000,2017
1724,950,K,EE,6534,98800,2013
1725,950,K,FR,6592,77900,2013
1726,950,M,FR,6645,129000,2017
1727,950,M,DE,6658,114000,2016
1728,950,K,EE,6700,85000,2013
1729,950,M,PL,6709,85000,2016
1730,950,M,NL,6739,105000,2016
1731,950,M,AT,6750,125000,2016
1732,950,L,TR,6777,119000,2018
1733,950,GC,GB,6795,87571,2019
1734,950,M,ES,6859,139000,2017
1735,950,GC,BE,6888,102000,2017
1736,950,M,PL,6900,153000,2017
1737,950,M,BE,6900,134000,2017
1738,950,M,AT,7036,98000,2016
1739,950,M,PL,7040,87158,2016
1740,950,M,IT,7046,168000,2018
1741,950,G,NO,7084,48959,2005
1742,950,K,NL,7135,71500,2012
1743,950,M,PL,7242,80000,2016
1744,950,H,NL,7400,89000,2007
1745,950,M,LT,7431,112000,2015
1746,950,GC,TR,7450,135000,2017
1747,950,M,CH,7478,110076,2015
1748,950,M,BE,7485,110000,2015
1749,950,M,FR,7504,125000,2016
1750,950,M,NL,7506,82900,2016
1751,950,M,DE,7609,135000,2017
1752,950,K,DE,7644,74890,2014
1753,950,M,NL,7705,109000,2019
1754,950,K,DE,7743,99000,2013
1755,950,K,DE,7750,92300,2013
1756,950,H,ES,7820,105000,2011
1757,950,K,FR,7841,81900,2014
1758,950,H,NL,7884,58900,2009
1759,950,K,SE,7923,85262,2012
1760,950,M,FR,8000,120000,2016
1761,950,H,NL,8000,75000,2012
1762,950,M,IT,8010,105000,2017
1763,950,M,DE,8275,89000,2016
1764,950,H,DE,8400,69850,2007
1765,950,M,BE,8576,122000,2017
1766,950,K,FR,8669,98000,2012
1767,950,K,PT,8696,101750,2012
1768,950,K,ES,8800,65000,2014
1769,950,H,NL,8839,61000,2011
1770,950,M,NL,8896,97900,2016
1771,950,K,LU,8899,68400,2014
1772,950,M,ES,8939,125000,2015
1773,950,G,DE,8948,49500,2004
1774,950,M,DE,8957,93900,2018
1775,950,H,NL,8959,55900,2007
1776,950,M,NL,8980,82500,2016
1777,950,H,NL,9000,49000,2007
1778,950,K,RO,9000,68000,2014
1779,950,M,SK,9130,109000,2016
1780,950,M,PT,9161,113000,2016
1781,950,M,PL,9203,132000,2016
1782,950,K,FR,9229,80000,2012
1783,950,M,IT,9262,128000,2017
1784,950,M,PT,9288,79000,2016
1785,950,M,NO,9329,87181,2016
1786,950,M,UK,9349,87685,2016
1787,950,M,NL,9446,81000,2015
1788,950,M,PL,9450,127000,2015
1789,950,M,DE,9500,105000,2017
1790,950,M,NL,9500,79900,2015
1791,950,H,DE,9500,42950,2006
1792,950,M,LV,9502,80000,2015
1793,950,G,DE,9510,46900,2005
1794,950,K,FR,9520,88000,2014
1795,950,M,DE,9558,98950,2016
1796,950,K,ES,9584,75000,2012
1797,950,H,NL,9585,51800,2011
1798,950,M,NL,9598,77900,2015
1799,950,M,NL,9700,67500,2015
1800,950,K,GB,9714,85439,2014
1801,950,M,GB,9750,104824,2016
1802,950,M,UK,9755,78917,2016
1803,950,H,NL,9775,49500,2010
1804,950,M,UK,9778,69764,2016
1805,950,H,ES,9800,78000,2011
1806,950,H,DE,9818,75900,2008
1807,950,H,DE,10000,49800,2006
1808,950,M,PL,10000,72085,2016
1809,950,H,NL,10001,48950,2009
1810,950,H,DE,10009,55000,2010
1811,950,M,BE,10014,79000,2016
1812,950,H,NL,10042,49800,2006
1813,950,M,DE,10095,85900,2015
1814,950,K,DE,10100,69000,2014
1815,950,M,PL,10200,72829,2015
1816,950,H,NL,10242,54800,2007
1817,950,H,EE,10251,43900,2005
1818,950,H,NL,10256,48900,2005
1819,950,M,BE,10293,105000,2017
1820,950,G,DE,10347,65000,2005
1821,950,M,NO,10348,91085,2016
1822,950,M,NL,10395,66900,2015
1823,950,K,NL,10400,54900,2012
1824,950,M,BE,10400,77000,2016
1825,950,M,NL,10414,79500,2017
1826,950,K,PL,10440,60660,2014
1827,950,M,NL,10520,89500,2015
1828,950,H,ES,10559,66000,2010
1829,950,M,NL,10691,89500,2018
1830,950,H,NL,10693,50800,2007
1831,950,H,NL,10787,46800,2011
1832,950,M,DE,10800,99000,2018
1833,950,G,ES,11000,36000,2002
1834,950,K,PL,11000,60908,2015
1835,950,K,LU,11000,61500,2015
1836,950,H,NL,11068,52800,2013
1837,950,M,NL,11142,74500,2015
1838,950,G,ES,11280,32644,2002
1839,950,H,NL,11337,48300,2008
1840,950,M,NL,11390,69900,2021
1841,950,M,NL,11390,71500,2016
1842,950,K,DE,11400,61500,2012
1843,950,M,NL,11444,69850,2015
1844,950,M,ES,11526,88800,2015
1845,950,H,DE,11569,59750,2010
1846,950,M,NL,11575,69800,2015
1847,950,H,NL,11636,62800,2010
1848,950,H,DE,11636,61900,2010
1849,950,M,DE,11700,75900,2015
1850,950,K,NL,11778,69800,2012
1851,950,H,RO,11900,66000,2011
1852,950,K,UK,11910,54875,2014
1853,950,H,DE,11978,85000,2011
1854,950,G,DE,12000,42500,2005
1855,950,K,ES,12000,99000,2015
1856,950,H,RO,12000,39900,2010
1857,950,M,ES,12091,107000,2016
1858,950,H,DE,12133,50900,2010
1859,950,K,PL,12200,65822,2013
1860,950,M,BE,12406,65000,2015
1861,950,M,NL,12406,74900,2015
1862,950,H,FR,12490,59500,2008
1863,950,G,PL,12500,41736,2004
1864,950,H,DE,12500,55500,2008
1865,950,H,DE,12582,59000,2008
1866,950,G,AT,12600,41500,2003
1867,950,H,DE,12600,53900,2007
1868,950,H,IT,12600,57000,2010
1869,950,M,NO,12643,82942,2016
1870,950,H,NL,12871,59800,2010
1871,950,H,DE,12960,58950,2010
1872,950,H,DE,13100,57600,2008
1873,950,H,HU,13179,44500,2011
1874,950,H,NL,13200,49900,2010
1875,950,G,BE,13200,35750,2003
1876,950,G,PL,13226,38227,2004
1877,950,H,NL,13242,55900,2009
1878,950,G,LV,13338,45000,2003
1879,950,G,DE,13394,44850,2002
1880,950,H,NL,13400,46900,2007
1881,950,G,BE,13409,5000,2002
1882,950,K,LU,13500,57450,2012
1883,950,H,NL,13633,55900,2009
1884,950,M,NL,13653,79000,2016
1885,950,M,NL,13756,77500,2016
1886,950,H,FR,13834,54000,2009
1887,950,H,NL,13838,51800,2011
1888,950,H,NL,13900,46900,2008
1889,950,K,NL,13936,69800,2013
1890,950,H,NL,13988,37800,2009
1891,950,H,FR,14000,64000,2007
1892,950,M,DE,14000,165000,2017
1893,950,H,DE,14082,39900,2007
1894,950,H,NL,14155,56800,2011
1895,950,K,NL,14270,30000,2012
1896,950,K,RO,14270,25000,2012
1897,950,G,RO,14283,21700,2002
1898,950,H,DE,14324,49500,2010
1899,950,G,NL,14638,41800,2004
1900,950,G,NL,14667,43750,2003
1901,950,K,NL,14669,59900,2013
1902,950,G,FR,14823,13824,2002
1903,950,M,BE,14900,60900,2015
1904,950,M,DE,14956,62500,2015
1905,950,G,DE,15000,56000,2003
1906,950,K,NL,15078,54800,2014
1907,950,H,NL,15245,51800,2010
1908,950,K,DE,15500,58500,2015
1909,950,G,PL,15707,50000,2003
1910,950,M,IT,15810,70000,2016
1911,950,K,GB,15915,53745,2014
1912,950,K,GB,15917,42448,2014
1913,950,H,ES,16000,64000,2011
1914,950,G,DE,16056,58000,2005
1915,950,H,DE,16071,38900,2007
1916,950,H,AT,16100,39850,2006
1917,950,H,FR,16110,46900,2006
1918,950,G,NL,16578,39500,2004
1919,950,H,FR,16821,47900,2007
1920,950,K,NL,17120,59500,2013
1921,950,G,RO,17188,36000,2004
1922,950,G,HU,17500,32722,2005
1923,950,H,IT,17900,46000,2006
1924,950,G,GB,18000,31803,2002
1925,950,H,TR,18000,50000,2010
1926,950,K,ES,18495,58000,2013
1927,950,K,ES,18586,60000,2014
1928,950,H,BE,18772,61600,2007
1929,950,H,ES,19000,47000,2007
1930,950,G,ES,19000,35000,2005
1931,950,H,NL,19062,55000,2009
1932,950,H,NL,19736,51800,2007
1933,950,G,BE,20000,35900,2003
1934,950,G,ES,20209,40000,2003
1935,950,H,NL,21406,39900,2010
1936,950,G,NL,21569,42800,2003
1937,950,H,PL,22000,38915,2006
1938,950,H,ES,22964,44500,2006
1939,966,K,NL,10000,69000,2013
1940,966,H,RU,15263,140908,2014
1941,966,H,DE,25521,59500,2009
1942,966,H,NL,14500,79500,2007
1943,966,M,NL,14234,89500,2015
1944,966,K,NL,13043,82800,2013
1945,966,M,NL,11041,102900,2016
1946,966,K,FR,15916,73900,2013
1947,966,M,NL,10484,99500,2016
1948,966,H,DE,5119,130000,2011
1949,966,M,BE,17000,75500,2016
1950,966,K,NL,14029,76500,2013
1951,966,K,ES,8230,139000,2014
1952,966,M,NL,14051,89900,2016
1953,966,M,ES,6931,139000,2014
1954,966,M,NL,10017,102800,2015
1955,966,M,ES,9050,143500,2014
1956,966,M,AT,8500,133000,2016
1957,966,M,NL,4988,199500,2019
1958,966,M,ES,7400,139000,2015
1959,966,K,PL,13611,90499,2014
1960,966,M,DE,25000,95500,2017
1961,966,K,NL,13313,79800,2014
1962,966,M,ES,9925,150000,2016
1963,966,H,UK,17500,89870,2010
1964,966,K,NL,13759,73900,2012
1965,966,M,AT,8514,163000,2017
1966,966,K,NL,9702,84900,2013
1967,966,M,FR,4909,230000,2019
1968,966,M,RO,14799,98900,2016
1969,966,K,SK,8300,98000,2014
1970,966,K,DE,14623,76500,2013
1971,966,K,NL,14848,85000,2012
1972,966,K,FR,8230,109000,2014
1973,966,M,AT,9590,159000,2017
1974,966,M,NL,16034,99500,2014
1975,966,K,DE,13300,73000,2013
1976,966,K,CZ,12700,83000,2012
1977,966,K,NL,18472,74500,2014
1978,966,L,ES,12490,214534,2017
1979,966,M,GB,6742,188339,2015
1980,966,H,TR,18000,65000,2008
1981,966,M,ES,8359,129000,2018
1982,966,M,ES,3069,145000,2015
1983,966,K,NL,11971,79900,2013
1984,966,L,ES,11630,224719,2017
1985,966,H,BE,5451,93000,2010
1986,966,M,GB,9894,119411,2018
1987,966,K,NL,13791,72800,2013
1988,966,G,DE,15238,79000,2004
1989,966,M,FR,13954,135268,2012
1990,966,L,ES,12820,210961,2017
1991,966,M,NL,7374,129500,2016
1992,966,K,PT,12200,78500,2013
1993,966,K,NL,14050,71500,2013
1994,966,M,RO,8498,116900,2014
1995,966,K,LV,18000,79000,2011
1996,966,M,DE,10076,105000,2017
1997,966,K,HU,14390,76600,2012
1998,966,M,NL,13298,92500,2015
1999,966,M,PL,3087,211000,2019
2000,966,G,GB,21071,59044,2002
2001,966,M,NL,8230,129000,2017
2002,966,H,TR,28000,70000,2006
2003,966,M,RO,9746,84500,2015
2004,966,H,UA,1570,145000,2018
2005,966,M,DE,8077,136900,2018
2006,966,K,NL,9607,79500,2013
2007,966,K,ES,12500,96500,2012
2008,966,M,DE,6800,135000,2017
2009,966,H,TR,20000,98000,2014
2010,966,K,DE,14700,89000,2013
2011,966,M,NL,8359,124500,2016
2012,966,M,UK,9645,117154,2016
2013,966,M,NL,13569,98000,2015
2014,966,K,NL,23108,72500,2011
2015,966,K,NL,9100,79500,2014
2016,966,M,DE,14457,92000,2015
2017,966,K,DK,16400,53000,2012
2018,966,M,NL,13748,86500,2014
2019,966,K,DE,10182,73700,2014
2020,966,K,FR,6549,95000,2013
2021,966,K,DE,6880,102350,2013
2022,966,M,NL,8514,129800,2017
2023,966,M,AT,9284,138500,2017
2024,966,K,FR,11300,75000,2010
2025,966,M,NL,14775,84900,2015
2026,966,G,FR,12410,13522,2005
2027,966,M,DE,8962,89000,2015
2028,966,M,NL,8084,112500,2015
2029,966,K,HR,11509,72500,2013
2030,966,M,FR,7794,160000,2016
2031,966,K,DE,15950,71500,2013
2032,966,K,ES,9113,98500,2014
2033,966,M,ES,8969,153500,2016
2034,966,K,ES,8140,109000,2013
2035,966,M,ES,6257,175500,2017
2036,966,K,DE,6062,88500,2012
2037,966,M,FR,2530,230000,2018
2038,966,G,BE,5053,77500,2002
2039,966,M,NL,10015,86500,2015
2040,966,M,NL,8856,117500,2016
2041,966,M,DE,12009,79000,2015
2042,966,M,DE,10941,95000,2016
2043,966,M,DE,8500,105000,2015
2044,966,H,FR,18000,70250,2008
2045,966,H,DE,11380,79900,2010
2046,966,H,NL,16351,74500,2009
2047,966,K,FR,5440,150000,2013
2048,966,M,NL,18466,67500,2015
2049,966,M,DE,12135,73900,2015
2050,966,K,DE,11691,72500,2014
2051,966,K,NL,14615,59800,2012
2052,966,K,ES,8891,92000,2012
2053,966,M,IT,6568,153000,2017
2054,966,M,DE,13153,87500,2016
2055,966,K,DE,9812,84500,2014
2056,966,M,DE,10292,75000,2016
2057,966,M,CH,5426,164193,2016
2058,966,K,AT,14248,65000,2012
2059,966,M,NL,19000,54500,2014
2060,966,K,NL,12546,69900,2014
2061,966,M,BE,9510,103000,2017
2062,966,K,FR,10137,82000,2012
2063,966,K,FR,11289,59000,2010
2064,966,G,TR,24600,64900,2003
2065,966,K,DE,12781,66500,2014
2066,966,M,DE,6395,160000,2018
2067,966,M,PL,3615,178237,2015
2068,966,M,NL,8528,86500,2015
2069,966,G,RO,12410,23500,2005
2070,966,K,ES,11500,78000,2013
2071,966,M,NL,18000,67500,2015
2072,966,M,FR,9850,95000,2015
2073,966,K,FR,5439,99000,2013
2074,966,M,BE,10573,67000,2016
2075,966,H,NL,9533,65000,2008
2076,966,K,FR,12062,80000,2013
2077,966,M,IT,15300,70000,2014
2078,966,M,DE,8800,125000,2016
2079,966,H,TR,20000,68000,2008
2080,966,M,DE,10976,81900,2015
2081,966,H,GR,15663,80000,2010
2082,966,M,ES,15960,75000,2015
2083,966,M,EE,14792,84000,2016
2084,966,H,BE,398,209000,2015
2085,966,M,PT,10600,95000,2015
2086,966,H,RO,6000,75000,2015
2087,966,K,BE,13269,63500,2012
2088,966,M,BE,10500,79500,2014
2089,966,H,NL,9266,65000,2008
2090,966,M,ES,9344,120000,2014
2091,966,M,UK,16020,76144,2014
2092,966,L,RU,7757,172942,2020
2093,966,M,PL,7500,96900,2015
2094,966,M,BE,5346,223000,2019
2095,966,K,DE,13370,69000,2013
2096,966,K,DE,13601,79000,2014
2097,966,M,DE,7370,95000,2016
2098,966,M,DE,8899,119000,2017
2099,966,M,FR,8328,150000,2016
2100,966,K,GR,14000,92000,2012
2101,966,L,RU,12430,140932,2017
2102,966,M,FR,6961,190000,2015
2103,966,K,DE,5439,109500,2013
2104,966,K,DE,11177,69000,2011
2105,966,M,DE,6700,125000,2017
2106,966,K,CH,9185,91842,2014
2107,966,M,CH,19589,54734,2014
2108,966,K,FR,9246,79000,2013
2109,966,G,FR,8520,13522,2005
2110,966,K,ES,6555,108000,2013
2111,966,M,RO,4600,119000,2016
2112,966,M,SK,9300,104000,2016
2113,966,M,DE,9990,89999,2015
2114,966,M,DE,6773,129900,2017
2115,966,M,DE,7967,117900,2018
2116,966,M,DE,7982,127900,2018
2117,966,K,FI,17900,68000,2011
2118,966,M,IT,10800,183000,2017
2119,966,M,IT,10678,135000,2016
2120,966,M,BE,5751,178000,2017
2121,966,M,DE,10880,99000,2016
2122,966,M,DE,7924,90000,2016
2123,966,K,DE,13710,66000,2014
2124,966,M,UA,10500,91500,2016
2125,966,M,ES,9100,113000,2014
2126,966,M,DE,6051,139000,2017
2127,966,H,DE,9793,89950,2008
2128,966,K,DE,5349,135000,2012
2129,966,M,DE,12334,85000,2015
2130,966,G,DE,12500,59850,2003
2131,966,K,SK,7500,114000,2014
2132,966,H,DE,7925,69850,2006
2133,966,M,GR,6322,140000,2015
2134,966,M,ES,6174,135000,2015
2135,966,M,ES,10657,94000,2015
2136,966,M,FR,8571,115000,2014
2137,966,M,NL,7155,92800,2015
2138,966,M,NL,6460,145000,2018
2139,966,M,NL,8542,119000,2017
2140,966,M,NL,11284,79900,2014
2141,966,M,DE,4610,149000,2017
2142,966,K,DE,16868,59000,2014
2143,966,G,DE,9967,55900,2013
2144,966,K,FR,9101,85000,2011
2145,966,M,PL,10674,87437,2015
2146,966,K,ES,11113,79900,2013
2147,966,M,ES,13380,120000,2016
2148,966,M,PL,8884,108245,2016
2149,966,K,IE,13421,80000,2012
2150,966,M,PL,710,157165,2017
2151,966,M,ES,14791,97500,2016
2152,966,K,FR,10134,85000,2012
2153,966,K,PL,13325,78000,2013
2154,966,M,ES,7877,151500,2015
2155,966,M,PT,8323,148000,2014
2156,966,M,GR,9882,147000,2018
2157,966,H,ES,7025,75000,2007
2158,966,K,IT,14000,65000,2012
2159,966,M,BE,4409,215000,2019
2160,966,M,NL,7400,139000,2016
2161,966,K,NL,12600,65000,2012
2162,966,K,NL,12845,58500,2011
2163,966,K,DE,12200,66500,2014
2164,966,M,NL,5200,155000,2015
2165,966,M,PL,6137,140000,2017
2166,966,M,FR,7662,180000,2016
2167,966,M,PL,7410,182000,2017
2168,966,K,FR,5440,150000,2014
2169,966,K,FR,7834,165000,2014
2170,966,M,FR,9675,155000,2016
2171,966,K,FR,12283,110000,2011
2172,966,K,PL,13567,64000,2012
2173,966,K,PL,11500,65000,2012
2174,966,M,BE,1370,245000,2019
2175,966,M,LU,11074,85000,2015
2176,966,K,DE,12133,72500,2012
2177,966,M,DE,3500,168000,2017
2178,966,M,BE,10558,69500,2016
2179,966,K,DE,11654,69000,2012
2180,966,M,BE,1782,209000,2019
2181,966,K,NL,14179,56800,2013
2182,966,M,DE,9943,94000,2015
2183,966,M,DE,8967,121800,2016
2184,966,M,DE,10995,77000,2015
2185,966,M,DE,8449,126000,2017
2186,966,M,NL,9629,81800,2015
2187,966,K,FR,10700,89000,2013
2188,966,M,DE,10235,115000,2014
2189,966,M,DE,6350,118000,2016
2190,966,M,DE,8150,84500,2015
2191,966,K,NL,6612,74500,2013
2192,966,M,BE,8951,99000,2014
2193,966,K,CH,10867,61900,2012
2194,966,M,IT,10539,183000,2017
2195,966,M,IT,8070,140000,2017
2196,966,K,FI,19902,75000,2012
2197,966,M,PT,12900,84500,2014
2198,966,M,IT,13164,89000,2014
2199,966,K,ES,8000,89000,2013
2200,966,M,ES,10000,95000,2014
2201,966,M,PL,1300,220584,2018
2202,966,K,PL,14390,74600,2012
2203,966,K,FR,15500,50000,2008
2204,966,K,PT,11400,163000,2013
2205,966,K,FR,9283,78000,2012
2206,966,K,NL,10158,64800,2014
2207,966,K,BE,9924,92000,2011
2208,966,M,NL,12055,82500,2015
2209,966,H,TR,20000,1000,2011
2210,966,H,TR,21000,100000,2014
2211,966,M,FR,9750,113000,2015
2212,966,K,BE,17700,57000,2013
2213,966,H,TR,11300,60000,2011
2214,966,G,DE,11014,56950,2005
2215,966,M,BE,7949,119000,2014
2216,966,K,NL,14847,59800,2013
2217,966,M,FR,1812,250000,2019
2218,966,K,DE,11,69000,2011
2219,966,M,DE,6,139000,2017
2220,966,M,DE,5,259500,2020
2221,966,L,UA,50,255000,2017
2222,966,K,UK,9,70278,2014
2223,966,M,DE,5,259500,2016
2224,966,M,NL,6,145000,2018
2225,966,M,DE,4,149000,2017
2226,966,K,PT,11,163000,2013
2227,966,M,ES,7,151500,2015
2228,966,K,FR,12,110000,2011
2229,966,M,UK,9,98940,2016
2230,966,K,FR,5,150000,2014
2231,966,K,UK,10,69840,2014
2232,966,K,FR,10,85000,2012
2233,966,M,PL,7,182000,2017
2234,966,M,FR,7,180000,2016
2235,966,M,PT,8,148000,2014
2236,966,M,BE,4,215000,2019
2237,966,M,FR,1,250000,2019
2238,966,M,PT,7,148500,2016
2239,966,M,BE,1,245000,2019
2240,966,M,FR,9,155000,2016
2241,966,K,FR,7,165000,2014
2242,966,M,DE,8,126000,2017
2243,966,M,DE,8,121800,2016
2244,966,M,DE,9,94000,2015
2245,966,M,DE,10,115000,2014
2246,D6,R,CZ,18800,64032,2002
2247,D6,M,PL,17300,42585,2003
2248,D6,T,NL,14818,63500,2011
2249,D6,N,PL,15500,59510,2010
2250,D6,R,FR,18465,55000,2003
2251,D6,T,NL,11851,112000,2016
2252,D6,N,PL,8659,109800,2015
2253,D6,T,NL,4522,262000,2019
2254,D6,N,DE,9140,89500,2012
2255,D6,N,HU,12000,112139,2013
2256,D6,R,IT,22000,60000,2003
2257,D6,K,HU,5970,140000,2012
2258,D6,T,FI,18000,86000,2009
2259,D6,N,NL,11074,109000,2016
2260,D6,T,DE,14500,105900,2014
2261,D6,N,IT,8000,75000,2004
2262,D6,T,DE,6502,137500,2015
2263,D6,T,SK,2953,240666,2019
2264,D6,R,DE,12500,51000,2003
2265,D6,T,SE,7300,162514,2015
2266,D6,K,DE,6814,99000,2012
2267,D6,N,DE,14840,84032,2011
2268,D6,T,CZ,6500,124999,2015
2269,D6,M,DE,20000,44900,2004
2270,D6,T,DE,8805,127500,2015
2271,D6,T,BE,9334,82000,2010
2272,D6,T,NL,8923,89500,2010
2273,D6,T,GR,13000,115000,2011
2274,D6,N,GB,7393,125122,2015
2275,D6,T,NO,10293,158131,2016
2276,D6,N,DE,6397,63492,2012
2277,D6,K,NL,5470,125500,2017
2278,D6,N,FR,10740,46965,2012
2279,D6,N,FR,10650,48974,2013
2280,D6,N,FR,11533,46965,2013
2281,D6,N,FR,10411,46965,2012
2282,D6,N,NL,8142,89500,2012
2283,D6,R,DE,11059,81900,2007
2284,D6,N,DE,28000,33159,2011
2285,D6,T,NL,8515,120000,2012
2286,D6,T,BE,18315,64000,2008
2287,D6,T,SE,8650,141400,2013
2288,D6,T,BE,10920,119500,2015
2289,D6,N,SK,12069,70000,2007
2290,D6,N,DE,12112,54621,2004
2291,D6,N,DE,13043,85000,2011
2292,D6,T,RO,16200,100000,2010
2293,D6,T,NL,9861,139500,2016
2294,D6,T,NL,8651,149500,2016
2295,D6,T,GB,9837,93362,2011
2296,D6,R,NO,13317,94087,2007
2297,D6,K,EE,5370,130000,2017
2298,D6,N,PL,20948,61186,2010
2299,D6,N,BE,11897,94000,2013
2300,D6,N,BE,7090,105000,2012
2301,D6,T,GB,10200,149618,2015
2302,D6,M,PL,19000,48860,2006
2303,D6,T,NL,15000,67900,2009
2304,D6,K,DE,3415,177600,2018
2305,D6,M,DE,14807,52900,2002
2306,D6,T,IT,9552,135000,2013
2307,D6,T,RO,12000,99000,2012
2308,D6,N,PL,10700,75880,2009
2309,D6,N,FR,15650,54900,2003
2310,D6,N,PL,14184,58001,2008
2311,D6,R,ES,18000,70000,2003
2312,D6,T,NO,14273,97310,2010
2313,D6,N,ES,9757,145000,2013
2314,D6,N,BY,12000,65000,2006
2315,D6,T,NL,13054,97500,2014
2316,D6,N,PL,13754,63639,2007
2317,D6,T,NL,10351,114800,2014
2318,D6,N,NL,6185,169500,2017
2319,D6,K,DE,3600,177600,2018
2320,D6,T,BE,8800,140000,2012
2321,D6,R,GR,13200,98000,2007
2322,D6,R,PL,11222,78986,2006
2323,D6,T,HU,12100,111977,2012
2324,D6,M,NL,20071,34800,2002
2325,D6,R,GB,15000,46455,2004
2326,D6,N,GB,3290,164729,2011
2327,D6,T,BE,8805,131501,2012
2328,D6,R,BE,6775,165000,2018
2329,D6,N,RO,9800,64900,2011
2330,D6,R,IT,22719,57000,2002
2331,D6,T,DE,6779,104890,2010
2332,D6,T,SK,7800,165000,2016
2333,D6,T,GB,16000,83480,2012
2334,D6,T,GB,11248,125309,2015
2335,D6,N,GB,6457,140823,2015
2336,D6,T,BE,7339,95000,2012
2337,D6,T,BE,14900,64900,2011
2338,D6,T,GB,7004,155144,2016
2339,D6,N,GB,7274,113375,2015
2340,D6,N,GB,7384,106811,2015
2341,D6,R,GB,21000,61759,2006
2342,D6,T,GB,10086,155144,2018
2343,D6,R,FI,17911,48000,2002
2344,D6,R,TR,16000,90000,2012
2345,D6,T,GB,5036,175417,2012
2346,D6,N,NL,11238,91500,2012
2347,D6,T,NL,10249,114000,2015
2348,D6,T,BE,4053,195000,2016
2349,D6,T,DE,3880,237450,2018
2350,D6,T,NL,2500,177000,2012
2351,D6,N,PL,5400,115576,2012
2352,D6,T,GB,10900,119001,2011
2353,D6,T,NO,7410,113403,2010
2354,D6,K,FI,2450,145000,2016
2355,D6,M,UA,2380,180000,2020
2356,D6,R,UA,13500,104000,2007
2357,D6,T,PL,9461,222000,2019
2358,D6,T,BE,7294,129000,2014
2359,D6,N,PL,5400,117700,2013
2360,D6,K,FR,3620,70000,2013
2361,D6,N,HU,20000,70000,2007
2362,D6,M,HU,19382,25000,2002
2363,D6,T,BE,9331,84000,2010
2364,D6,R,NL,13494,64900,2007
2365,D6,N,NL,10742,69500,2009
2366,D6,N,NL,11438,49800,2007
2367,D6,M,HU,13620,38972,2002
2368,D6,N,DE,5896,117890,2013
2369,D6,N,IT,7621,78000,2005
2370,D6,R,ES,16250,95000,2003
2371,D6,K,ES,9699,86000,2014
2372,D6,R,HU,19662,77000,2006
2373,D6,R,RO,9500,49000,2011
2374,D6,T,DE,13500,95900,2014
2375,D6,N,DE,3975,139950,2012
2376,D6,T,GB,14324,90000,2014
2377,D6,N,GB,14874,75000,2013
2378,D6,N,LT,9316,72500,2011
2379,D6,N,DE,13537,79500,2015
2380,D6,T,BE,11700,69000,2012
2381,D6,M,UA,18000,65000,2002
2382,D6,N,NL,10400,154000,2016
2383,D6,N,DE,4661,179900,2017
2384,D6,R,LV,11000,73500,2007
2385,D6,R,SE,15700,75913,2007
2386,D6,R,RU,11000,100399,2007
2387,D6,N,PL,17400,43110,2007
2388,D6,N,PL,7176,154700,2017
2389,D6,N,PL,19083,59264,2007
2390,D6,N,FR,5874,160000,2012
2391,D6,N,BE,8956,94000,2012
2392,D6,T,DE,13752,86000,2011
2393,D6,R,HU,14200,60500,2007
2394,D6,N,DE,3540,179000,2017
2395,D6,N,BE,9223,84900,2011
2396,D6,N,FR,5487,165000,2014
2397,D6,N,RO,5060,138000,2006
2398,D6,T,UA,2200,235000,2017
2399,D6,N,GE,14500,53500,2006
2400,D6,N,BE,12010,99000,2013
2401,D6,T,NO,8865,175173,2016
2402,D6,N,NL,13873,43000,2003
2403,D6,K,DE,2923,79900,2013
2404,D6,K,DE,3614,78900,2013
2405,D6,N,UA,13302,73110,2008
2406,D6,T,UK,8321,155666,2016
2407,D6,K,PL,2800,118475,2018
2408,D6,N,BE,1107,280000,2019
2409,D6,N,NL,16600,49500,2005
2410,D6,R,TR,19000,68000,2004
2411,D6,T,UA,12370,159000,2013
2412,D6,T,GE,7803,154186,2013
2413,D6,N,NL,10472,97500,2012
2414,D6,K,NL,7335,89500,2016
2415,D6,N,FR,2443,290000,2019
2416,D6,T,FR,4273,110000,2012
2417,D6,R,DE,17097,55000,2007
2418,D6,K,DE,6440,81500,2015
2419,D6,N,NL,5583,112000,2014
2420,D6,R,DE,9980,65000,2003
2421,D6,N,FR,1910,290000,2019
2422,D6,T,UK,8684,112674,2014
2423,D6,T,NL,8195,129500,2015
2424,D6,N,DE,12100,61900,2007
2425,D6,R,ES,11000,91500,2007
2426,D6,T,ES,12580,65000,2012
2427,D6,T,ES,10200,72000,2014
2428,D6,N,UA,16500,101000,2013
2429,D6,N,DE,11400,53000,2008
2430,D6,R,NL,6980,71500,2007
2431,D6,N,FR,2467,220000,2019
2432,D6,N,LT,7000,59000,2009
2433,D6,N,LT,4600,72000,2013
2434,D6,N,HU,23006,54640,2005
2435,D6,N,PL,13976,80000,2012
2436,D6,R,ES,10500,70000,2008
2437,D6,R,RO,21000,31900,2002
2438,D6,N,PL,20342,71000,2010
2439,D6,T,NL,10065,67500,2008
2440,D6,N,NL,17901,59000,2010
2441,D6,N,NL,8795,59500,2005
2442,D6,T,RU,11000,162607,2011
2443,D6,N,ES,9751,158000,2013
2444,D6,K,IT,3041,159000,2017
2445,D6,K,LT,14418,46000,2008
2446,D6,K,EE,8940,68000,2012
2447,D6,M,NO,1100,453434,2018
2448,D6,N,NL,18282,49500,2008
2449,D6,M,FR,17459,42000,2002
2450,D6,K,NL,8963,52800,2010
2451,D6,T,NO,12475,104047,2013
2452,D6,R,PL,7500,92107,2008
2453,D6,N,IT,18629,15000,2006
2454,D6,N,IT,16409,15000,2003
2455,D6,N,PL,20629,43000,2010
2456,D6,N,PL,3564,219489,2018
2457,D6,T,NL,10865,89500,2011
2458,D6,N,FR,4820,152000,2014
2459,D6,K,LT,4592,110400,2017
2460,D6,T,DE,4756,175000,2016
2461,D6,N,HU,11500,103000,2013
2462,D6,N,NL,11506,43500,2007
2463,D6,R,NL,13332,59800,2005
2464,D6,R,NL,13074,62900,2007
2465,D6,T,SE,3239,293449,2018
2466,D6,N,NL,16640,47900,2005
2467,D6,N,PL,13215,94990,2013
2468,D6,N,PL,16000,57586,2007
2469,D6,N,NL,7053,165000,2017
2470,D6,N,NL,12769,78000,2014
2471,D6,R,NL,16496,57900,2008
2472,D6,R,PL,11600,52000,2008
2473,D6,N,FR,1891,267000,2019
2474,D6,N,FR,7946,110000,2013
2475,D6,N,FR,4956,205000,2018
2476,D6,K,LT,2300,139500,2018
2477,D6,N,NL,13183,79500,2014
2478,D6,N,DE,2438,235000,2019
2479,D6,R,DE,13200,78900,2004
2480,D6,T,DE,5040,198000,2016
2481,D6,N,PL,17700,35000,2006
2482,D6,N,LV,20824,42000,2003
2483,D6,K,RU,3621,119591,2013
2484,D6,R,DE,8600,71500,2005
2485,D6,T,FR,3900,225000,2016
2486,D6,T,NL,13834,75900,2008
2487,D6,R,NL,11456,74500,2008
2488,D6,T,NL,8766,129500,2015
2489,D6,N,SE,4300,214838,2017
2490,D6,N,FR,8026,127000,2014
2491,D6,N,PL,16694,53470,2006
2492,D6,R,FR,9450,64500,2002
2493,D6,T,FI,10300,129000,2011
2494,D6,T,NL,12311,93500,2012
2495,D6,T,ES,9400,125000,2015
2496,D6,R,ES,15000,75000,2007
2497,D6,K,CZ,9650,88702,2011
2498,D6,N,FR,7883,83900,2011
2499,D6,N,NL,15202,47800,2005
2500,D6,T,FR,6345,215000,2015
2501,D6,T,FR,4443,230000,2014
2502,D6,T,GB,7500,135000,2013
2503,D6,N,PL,3537,184000,2019
2504,D6,N,FR,10189,84500,2012
2505,D6,R,NL,13026,72800,2014
2506,D6,R,GR,23890,74000,2003
2507,D6,N,NL,11407,92500,2013
2508,D6,T,PL,12900,87000,2015
2509,D6,R,NL,26569,47900,2004
2510,D6,K,PL,6400,92000,2015
2511,D6,N,PL,10000,71000,2008
2512,D6,N,BG,8700,160000,2012
2513,D6,T,FR,2884,275000,2018
2514,D6,N,FR,9246,150000,2014
2515,D6,N,CH,2384,221732,2019
2516,D6,T,NO,320,391188,2020
2517,D6,R,PL,17167,48051,2002
2518,D6,N,PL,17270,58991,2007
2519,D6,N,RU,9509,150474,2012
2520,D6,N,DK,12500,23585,2008
2521,D6,T,FR,4993,150000,2010
2522,D6,T,FR,3535,280000,2018
2523,D6,N,NL,13576,92500,2015
2524,D6,N,NL,10462,109000,2016
2525,D6,K,DE,6775,89000,2011
2526,D6,T,NL,8903,76900,2011
2527,D6,K,NL,15593,52800,2010
2528,D6,N,FR,8176,87000,2012
2529,D6,N,FR,8892,88000,2011
2530,D6,N,PL,11900,57500,2010
2531,D6,K,LT,15013,49000,2008
2532,D6,N,NL,22355,47800,2006
2533,D6,K,NL,11626,76500,2011
2534,D6,N,EE,9300,39000,2010
2535,D6,N,BE,7345,119000,2015
2536,D6,K,NL,13338,69500,2013
2537,D6,K,DE,2238,145000,2018
2538,D6,R,NL,13575,62900,2007
2539,D6,R,DE,8017,69500,2006
2540,D6,K,AT,7505,123000,2014
2541,D6,T,RO,7581,110500,2014
2542,D6,N,PL,14803,74550,2007
2543,D6,K,NL,8959,43000,2010
2544,D6,K,FI,8660,110102,2008
2545,D6,N,HU,10735,134625,2014
2546,D6,N,IT,7700,115000,2014
2547,D6,K,CZ,4000,158000,2018
2548,D6,K,RO,9032,79900,2007
2549,D6,N,AT,11967,61800,2006
2550,D6,M,PL,12831,35740,2002
2551,D6,N,HU,22897,68958,2005
2552,D6,N,PL,15620,58500,2007
2553,D6,R,RU,20450,81813,2010
2554,D6,N,PL,7296,112643,2014
2555,D6,R,RU,17000,86626,2012
2556,D6,N,PL,5920,150165,2014
2557,D6,K,ES,9900,69500,2008
2558,D6,N,RO,9600,125000,2014
2559,D6,R,NL,19500,50000,2003
2560,D6,R,PL,16380,58000,2008
2561,D6,T,SE,10600,102999,2010
2562,D6,T,NO,10145,130269,2013
2563,D6,T,HU,2100,175000,2015
2564,D6,T,BE,15900,69900,2010
2565,D6,N,PL,10500,64000,2008
2566,D6,N,RU,12500,92100,2013
2567,D6,N,PL,13264,79731,2012
2568,D6,M,HU,11500,44900,2002
2569,D6,R,RO,9500,49000,2009
2570,D6,K,LT,6200,58500,2010
2571,D6,N,PL,14745,64440,2007
2572,D6,N,PL,6730,176063,2016
2573,D6,N,SE,10800,117603,2011
2574,D6,K,HU,11126,103035,2014
2575,D6,T,ES,13900,100000,2011
2576,D6,R,FI,20400,71000,2007
2577,D6,N,RO,11000,46500,2009
2578,D6,K,PL,7942,73108,2016
2579,D6,N,SE,11000,111994,2013
2580,D6,T,IT,6805,187500,2017
2581,D6,N,UK,3276,215251,2019
2582,D6,T,UK,8854,127115,2015
2583,D6,T,DE,9328,107900,2010
2584,D6,N,RO,3600,31000,2009
2585,D6,N,HU,7343,129100,2015
2586,D6,N,PL,16000,77400,2009
2587,D6,N,PL,13083,60830,2008
2588,D6,T,UA,10459,85000,2011
2589,D6,R,UA,9500,65900,2005
2590,D6,N,NL,19072,46800,2006
2591,D6,R,NL,14952,65000,2007
2592,D6,T,PL,6058,169574,2018
2593,D6,N,UA,15415,99000,2012
2594,D6,T,PL,21000,61470,2008
2595,D6,M,RO,9900,36000,2003
2596,D6,T,BE,9047,96000,2009
2597,D6,K,DE,6658,115000,2016
2598,D6,N,FR,9265,89600,2012
2599,D6,N,PL,17095,65250,2007
2600,D6,K,PL,7942,72010,2013
2601,D6,N,FR,10601,84000,2011
2602,D6,T,SE,12300,68602,2009
2603,D6,R,ES,20580,65000,2003
2604,D6,T,SK,7454,176000,2016
2605,D6,M,PL,5652,67290,2003
2606,D6,T,NO,14135,96496,2010
2607,D6,N,UA,12000,75300,2005
2608,D6,N,PL,15700,58660,2008
2609,D6,M,PL,14000,88520,2002
2610,D6,N,UA,11800,88000,2007
2611,D6,N,NL,21736,47000,2008
2612,D6,N,RO,10000,125000,2013
2613,D6,K,LT,4500,60500,2014
2614,D6,R,PL,16330,52680,2007
2615,D6,T,UA,12000,130500,2012
2616,D6,T,UA,11200,128000,2011
2617,D6,N,IT,9232,79000,2007
2618,D6,T,NL,15998,69800,2010
2619,D6,R,UA,22000,89000,2002
2620,D6,R,UA,16000,97000,2006
2621,D6,T,UA,12000,120000,2009
2622,D6,K,PL,3800,89650,2007
2623,D6,N,PL,9336,87430,2011
2624,D6,T,NL,11770,85000,2008
2625,D6,N,DE,4892,169000,2017
2626,D6,T,DE,6946,123900,2014
2627,D6,T,DE,8020,129000,2014
2628,D6,N,ES,11200,82000,2007
2629,D6,T,FR,8971,79900,2008
2630,D6,N,LT,4800,75500,2013
2631,D6,N,DE,4332,136000,2014
2632,D6,T,DE,10600,108000,2013
2633,D6,N,DE,6016,149889,2016
2634,D6,T,FR,3694,225000,2016
2635,D6,T,IT,10000,77000,2009
2636,D6,N,PL,12000,70892,2008
2637,D6,N,LV,9861,40000,2004
2638,D6,N,IT,2454,236000,2018
2639,D6,R,PL,10000,44286,2002
2640,D6,T,PL,10822,100800,2013
2641,D6,T,ES,17500,65000,2013
2642,D6,R,FI,17500,44355,2002
2643,D6,T,RU,10285,88811,2008
2644,D6,N,PL,19200,59372,2006
2645,D6,R,RU,9900,156740,2014
2646,D6,K,PL,13900,61588,2010
2647,D6,N,PL,3606,209797,2017
2648,D6,N,PL,15200,63582,2010
2649,D6,N,EE,8435,85000,2004
2650,D6,K,PL,11050,67000,2007
2651,D6,T,ES,13743,84900,2011
2652,D6,N,PL,13000,87951,2012
2653,D6,N,PL,11430,79743,2010
2654,D6,R,ES,12000,65000,2002
2655,D6,K,RO,9000,49900,2009
2656,D6,N,PL,3057,208000,2019
2657,D6,N,PL,3328,197000,2019
2658,D6,N,PL,19070,59340,2007
2659,D6,N,IT,2318,125000,2013
2660,D6,N,RU,15000,67281,2009
2661,D6,R,FI,11350,73000,2007
2662,D6,R,LT,8400,35500,2002
2663,D6,R,LT,6600,34900,2004
2664,D6,K,LT,7000,57800,2010
2665,D6,K,LT,9900,52500,2010
2666,D6,N,LT,10000,46500,2010
2667,D6,N,LT,10000,42500,2007
2668,D6,N,NL,17954,59800,2007
2669,D6,T,LT,7000,78000,2011
2670,D6,N,BE,9188,109000,2013
2671,D6,T,DE,8262,129900,2015
2672,D6,T,NL,18216,59800,2008
2673,D6,T,DE,1850,235000,2017
2674,D6,T,RO,4400,118000,2014
2675,D6,N,DE,10669,66500,2010
2676,D6,T,NL,25220,54800,2009
2677,D6,N,DE,2900,189000,2018
2678,D6,T,BE,6594,152000,2015
2679,D6,R,NL,6502,25000,2007
2680,D6,T,DE,8960,69748,2011
2681,D6,T,DE,14442,65000,2008
2682,D6,N,DE,4823,175000,2017
2683,D6,N,GB,7336,103000,2015
2684,D6,R,NL,13493,54500,2007
2685,D6,N,NL,1960,199500,2019
2686,D6,M,CH,9420,67369,2002
2687,D6,R,NL,13331,52500,2005
2688,D6,R,NL,8854,56750,2008
2689,D6,T,NL,15324,73900,2010
2690,D6,T,DE,6468,188200,2016
2691,D6,K,DE,5256,129900,2017
2692,D6,N,UK,8966,110446,2014
2693,D6,T,NL,4908,182500,2017
2694,D6,R,NL,10055,71700,2011
2695,D6,R,NL,14471,49800,2006
2696,D6,T,NL,2697,235000,2018
2697,D6,M,NL,16696,42500,2002
2698,D6,R,NL,15725,48500,2006
2699,D6,T,NL,13337,64950,2009
2700,D6,T,NL,10100,175000,2013
2701,D6,T,NL,11200,77500,2011
2702,D6,T,NL,11221,72000,2008
2703,D6,T,NL,10863,104900,2011
2704,D6,N,NL,15135,74800,2011
2705,D6,N,DE,18000,144000,2014
2706,D6,N,DE,12000,93900,2014
2707,D6,R,NL,3745,89800,2014
2708,D6,N,NL,8455,90500,2011
2709,D6,R,NL,3933,87800,2014
2710,D6,N,NL,11000,56900,2007
2711,D6,K,DE,3570,139900,2017
2712,D6,R,CH,10032,89500,2002
2713,D6,R,LU,8121,90000,2006
2714,D6,N,LU,18743,65600,2012
2715,D6,N,LU,7950,63600,2006
2716,D6,T,DE,7935,117000,2013
2717,D6,T,DE,8560,127500,2015
2718,D6,N,DE,1445,235000,2018
2719,D6,N,DE,10997,99500,2012
2720,D6,N,DE,10189,99600,2012
2721,D6,N,LU,12489,79900,2010
2722,D6,R,LU,8521,69500,2005
2723,D6,T,LU,9668,117900,2015
2724,D6,R,LU,14367,75000,2012
2725,D6,T,LU,7581,114600,2014
2726,D6,N,LU,5586,117000,2014
2727,D6,N,IT,6322,160000,2017
2728,D6,N,IT,8649,120000,2015
2729,D6,K,DE,440,185000,2018
2730,D6,K,DE,2,145000,2018
2731,D6,T,DE,6,188200,2016
2732,D6,K,DE,5,129900,2017
2733,D6,T,DE,8,129000,2014
2734,D6,N,DE,4,136000,2014
2735,D6,N,AT,11,61800,2007
2736,D6,R,FR,13,55000,2007
2737,D6,N,FR,5,195000,2017
2738,D6,N,FR,3,180000,2014
2739,D6,T,SE,10,103333,2010
2740,D6,R,RU,16,119113,2017
2741,D6,N,PL,3,224000,2019
2742,D6,T,PT,8,134000,2008
2743,D6,R,FR,12,67000,2007
2744,D6,R,FR,11,75000,2007
2745,D6,N,PL,6,175870,2016
2746,D6,R,RU,9,156720,2014
2747,D6,N,PL,5,149000,2014
2748,D6,R,PT,14,120000,2005
2749,D6,K,UK,3,116400,2015
2750,D6,N,FR,1,250000,2019
2751,D6,N,PL,3,209627,2017
2752,D6,N,PL,2,209000,2019
2753,D6,K,DE,3,139900,2017
2754,D6,N,DE,4,175000,2017
2755,M318,F,DE,3,116000,2015
2756,M318,F,DE,4,112000,2016
2757,M318,D,PL,5,102732,2012
2758,M318,F,DE,8,173500,2019
2759,M318,F,ES,8,106500,2014
2760,M318,D,ES,8,124500,2014
2761,M318,D,PL,11,66384,2009
2762,M318,F,FR,12,215000,2019
2763,M318,D,PL,12,63772,2011
2764,M318,F,PL,527,168107,2014
2765,M318,F,FR,723,200000,2018
2766,M318,F,DE,1788,139500,2016
2767,M318,F,FR,2652,150000,2016
2768,M318,F,PL,2656,124500,2018
2769,M318,F,PL,2674,153000,2016
2770,M318,F,DE,2682,124900,2016
2771,M318,F,NL,2687,139500,2016
2772,M318,F,ES,3200,155000,2019
2773,M318,F,PL,4142,129000,2015
2774,M318,F,CH,4181,149696,2015
2775,M318,F,ES,4280,147000,2017
2776,M318,F,LV,4475,130000,2018
2777,M318,D,ES,4829,100000,2010
2778,M318,D,ES,4883,100000,2010
2779,M318,F,LT,5048,125000,2014
2780,M318,F,DE,5101,115000,2016
2781,M318,F,FI,5141,99000,2018
2782,M318,D,GR,5148,92000,2012
2783,M318,D,NL,5409,77900,2012
2784,M318,D,HU,5411,85650,2012
2785,M318,F,NL,5589,119500,2017
2786,M318,F,DE,5768,93900,2015
2787,M318,D,PL,5865,102732,2012
2788,M318,F,PL,5900,107400,2015
2789,M318,D,DE,5958,88000,2012
2790,M318,D,DE,5963,85000,2012
2791,M318,D,DE,5968,82500,2012
2792,M318,D,FR,6050,99000,2010
2793,M318,F,PL,6200,118600,2015
2794,M318,D,PL,6250,87726,2012
2795,M318,D,DE,6500,79900,2008
2796,M318,F,DE,6589,95900,2015
2797,M318,F,HU,6751,123230,2017
2798,M318,F,PL,6800,99000,2017
2799,M318,F,PL,6831,126000,2016
2800,M318,D,PL,7000,100000,2013
2801,M318,D,LT,7000,41500,2011
2802,M318,F,DE,7080,87900,2015
2803,M318,F,DE,7214,99000,2016
2804,M318,F,PL,7300,94000,2015
2805,M318,F,NL,7310,86800,2015
2806,M318,F,PL,7539,123000,2016
2807,M318,F,DE,7543,100500,2016
2808,M318,D,UA,7600,45000,2007
2809,M318,D,ES,7700,89000,2013
2810,M318,D,BE,7738,65000,2013
2811,M318,F,HU,7791,115360,2016
2812,M318,F,NO,7820,105251,2015
2813,M318,F,PL,8000,89708,2015
2814,M318,F,SK,8000,157000,2016
2815,M318,C,NL,8124,34500,2004
2816,M318,C,PL,8130,33500,2004
2817,M318,D,DE,8300,55000,2012
2818,M318,D,DE,8314,65000,2010
2819,M318,C,AT,8497,32900,2004
2820,M318,F,PL,8500,87804,2015
2821,M318,C,DE,8575,42500,2006
2822,M318,C,HU,8619,52000,2007
2823,M318,F,PL,8630,103000,2015
2824,M318,D,IT,8914,88000,2012
2825,M318,F,PL,8915,100000,2016
2826,M318,F,PL,8920,99000,2016
2827,M318,C,DE,9000,29500,2004
2828,M318,C,DE,9197,37900,2004
2829,M318,D,PL,9200,63670,2011
2830,M318,C,LT,9228,34000,2007
2831,M318,C,LT,9231,34500,2007
2832,M318,D,DE,9243,69900,2012
2833,M318,D,DE,9360,74500,2014
2834,M318,C,NL,9384,38900,2003
2835,M318,D,DE,9400,49000,2010
2836,M318,D,NL,9502,54250,2010
2837,M318,C,LT,9547,34500,2007
2838,M318,D,DE,9600,65000,2011
2839,M318,D,CH,9690,52900,2011
2840,M318,D,DE,9703,67900,2011
2841,M318,F,DE,9731,92000,2015
2842,M318,D,PL,9900,70243,2012
2843,M318,D,DE,10000,57773,2009
2844,M318,D,PL,10000,52590,2008
2845,M318,D,RO,10000,65000,2009
2846,M318,D,PL,10050,68500,2013
2847,M318,D,NL,10106,62000,2011
2848,M318,D,DE,10134,79000,2014
2849,M318,D,NL,10178,66800,2013
2850,M318,D,DE,10200,48500,2008
2851,M318,D,PL,10220,70700,2011
2852,M318,D,DE,10250,69900,2014
2853,M318,D,PL,10356,52890,2012
2854,M318,F,NL,10363,79500,2016
2855,M318,D,DE,10382,65000,2013
2856,M318,D,PL,10500,57478,2011
2857,M318,D,DE,10500,67500,2011
2858,M318,C,NL,10526,41900,2004
2859,M318,D,PL,10600,62684,2012
2860,M318,D,DE,10667,55950,2008
2861,M318,D,PL,10670,56154,2010
2862,M318,D,NL,10694,53800,2007
2863,M318,C,DE,10740,44500,2003
2864,M318,D,PL,10995,64208,2012
2865,M318,D,UA,11000,83200,2008
2866,M318,F,PL,11000,96369,2016
2867,M318,D,NL,11006,50900,2008
2868,M318,D,UA,11058,83000,2012
2869,M318,C,PL,11228,39775,2006
2870,M318,D,PL,11300,69480,2013
2871,M318,D,PL,11384,66384,2009
2872,M318,D,DE,11500,60000,2009
2873,M318,F,LV,11660,86000,2014
2874,M318,D,DE,11700,53000,2007
2875,M318,C,PL,11809,44050,2006
2876,M318,D,RO,12000,53500,2008
2877,M318,D,ES,12000,65000,2008
2878,M318,C,NL,12040,39000,2005
2879,M318,D,SI,12069,60000,2011
2880,M318,C,NL,12258,37500,2004
2881,M318,D,HU,12400,62500,2013
2882,M318,D,NL,12423,54900,2009
2883,M318,D,PL,12465,60500,2013
2884,M318,D,NL,12550,61800,2012
2885,M318,D,PL,12556,63772,2011
2886,M318,D,NL,12823,62800,2014
2887,M318,D,DE,12932,49000,2008
2888,M318,D,NL,12968,64000,2012
2889,M318,C,DE,12975,42500,2006
2890,M318,D,NL,13190,69900,2012
2891,M318,C,PL,13346,29000,2004
2892,M318,C,NL,13500,54000,2006
2893,M318,D,BE,13682,59500,2010
2894,M318,C,NL,13874,39800,2004
2895,M318,D,NL,14111,46900,2008
2896,M318,D,BE,14460,54950,2009
2897,M318,C,ES,15000,55000,2005
2898,M318,D,PL,15580,32000,2011
2899,M318,C,DE,15757,42900,2005
2900,M318,D,BE,16394,44500,2009
2901,M318,C,DE,16470,34900,2004
2902,M318,D,NL,16800,51900,2010
2903,M318,D,NL,17420,46800,2011
2904,M318,C,PL,18000,40180,2005
2905,M318,D,ES,20000,86000,2010
2906,M318,C,NL,20409,35000,2005
2907,M318,D,ES,21000,65000,2010
2908,M318,C,IT,22406,58000,2007
2909,M318,D,NL,23588,43800,2008
